2024/7/10 1:00:00,26.4,79
2024/7/10 2:00:00,26.2,79
2024/7/10 3:00:00,26.4,77
2024/7/10 4:00:00,25.8,81
2024/7/10 5:00:00,25.3,83
2024/7/10 6:00:00,26.2,79
2024/7/10 7:00:00,26.8,73
2024/7/10 8:00:00,27.5,73
2024/7/10 9:00:00,28.9,68
2024/7/10 10:00:00,29.4,64
2024/7/10 11:00:00,31.3,61
2024/7/10 12:00:00,32.5,58
2024/7/10 13:00:00,32.1,61
2024/7/10 14:00:00,31.8,61
2024/7/10 15:00:00,28.8,83
2024/7/10 16:00:00,27.2,92
2024/7/10 17:00:00,28.1,87
2024/7/10 18:00:00,27.4,90
2024/7/10 19:00:00,27.1,92
2024/7/10 20:00:00,27.0,93
2024/7/10 21:00:00,26.7,94
2024/7/10 22:00:00,26.6,94
2024/7/10 23:00:00,26.7,94
2024/7/11 00:00:00,26.8,94
2024/7/11 1:00:00,26.4,97
2024/7/11 2:00:00,26.2,98
2024/7/11 3:00:00,26.1,98
2024/7/11 4:00:00,25.5,91
2024/7/11 5:00:00,24.9,95
2024/7/11 6:00:00,24.6,96
2024/7/11 7:00:00,24.4,97
2024/7/11 8:00:00,25.4,93
2024/7/11 9:00:00,25.3,90
2024/7/11 10:00:00,23.8,94
2024/7/11 11:00:00,24.5,94
2024/7/11 12:00:00,25.0,91
2024/7/11 13:00:00,26.0,85
2024/7/11 14:00:00,27.0,78
2024/7/11 15:00:00,27.2,75
2024/7/11 16:00:00,27.5,77
2024/7/11 17:00:00,27.5,74
2024/7/11 18:00:00,27.0,77
2024/7/11 19:00:00,26.5,81
2024/7/11 20:00:00,26.0,84
2024/7/11 21:00:00,25.9,86
2024/7/11 22:00:00,25.8,84
2024/7/11 23:00:00,25.6,85
2024/7/12 00:00:00,25.0,88
2024/7/12 1:00:00,25.2,88
2024/7/12 2:00:00,24.9,91
2024/7/12 3:00:00,24.9,90
2024/7/12 4:00:00,24.6,91
2024/7/12 5:00:00,24.4,93
2024/7/12 6:00:00,24.1,96
2024/7/12 7:00:00,23.9,98
2024/7/12 8:00:00,24.2,99
2024/7/12 9:00:00,23.2,98
2024/7/12 10:00:00,23.0,97
2024/7/12 11:00:00,22.7,97
2024/7/12 12:00:00,23.6,93
2024/7/12 13:00:00,24.1,92
2024/7/12 14:00:00,24.5,89
2024/7/12 15:00:00,24.5,90
2024/7/12 16:00:00,24.8,87
2024/7/12 17:00:00,26.3,80
2024/7/12 18:00:00,26.3,78
2024/7/12 19:00:00,26.2,76
2024/7/12 20:00:00,25.5,76
2024/7/12 21:00:00,25.3,75
2024/7/12 22:00:00,24.8,77
2024/7/12 23:00:00,24.4,79
2024/7/13 00:00:00,24.3,79
2024/7/13 1:00:00,23.8,81
2024/7/13 2:00:00,22.7,89
2024/7/13 3:00:00,22.6,88
2024/7/13 4:00:00,22.5,88
2024/7/13 5:00:00,22.3,91
2024/7/13 6:00:00,22.9,92
2024/7/13 7:00:00,24.2,83
2024/7/13 8:00:00,25.7,79
2024/7/13 9:00:00,26.2,71
2024/7/13 10:00:00,28.5,66
2024/7/13 11:00:00,29.7,58
2024/7/13 12:00:00,30.6,56
2024/7/13 13:00:00,29.8,60
2024/7/13 14:00:00,30.8,55
2024/7/13 15:00:00,29.3,64
2024/7/13 16:00:00,27.6,74
2024/7/13 17:00:00,27.7,72
2024/7/13 18:00:00,27.4,71
2024/7/13 19:00:00,26.8,73
2024/7/13 20:00:00,26.2,78
2024/7/13 21:00:00,26.2,76
2024/7/13 22:00:00,26.1,79
2024/7/13 23:00:00,25.0,86
2024/7/14 00:00:00,24.7,87
2024/7/14 1:00:00,25.3,83
2024/7/14 2:00:00,24.2,94
2024/7/14 3:00:00,23.7,96
2024/7/14 4:00:00,24.0,96
2024/7/14 5:00:00,24.1,96
2024/7/14 6:00:00,24.1,96
2024/7/14 7:00:00,24.4,91
2024/7/14 8:00:00,25.6,88
2024/7/14 9:00:00,25.8,86
2024/7/14 10:00:00,27.6,84
2024/7/14 11:00:00,27.4,81
2024/7/14 12:00:00,27.7,83
2024/7/14 13:00:00,27.6,83
2024/7/14 14:00:00,27.6,85
2024/7/14 15:00:00,27.9,83
2024/7/14 16:00:00,28.2,82
2024/7/14 17:00:00,27.1,91
2024/7/14 18:00:00,26.9,93
2024/7/14 19:00:00,26.6,95
2024/7/14 20:00:00,26.4,95
2024/7/14 21:00:00,26.0,96
2024/7/14 22:00:00,25.5,98
2024/7/14 23:00:00,25.6,98
2024/7/15 00:00:00,25.8,96
2024/7/15 1:00:00,25.9,96
2024/7/15 2:00:00,25.7,95
2024/7/15 3:00:00,25.5,97
2024/7/15 4:00:00,25.0,96
2024/7/15 5:00:00,24.7,97
2024/7/15 6:00:00,25.2,95
2024/7/15 7:00:00,26.9,92
2024/7/15 8:00:00,28.0,82
2024/7/15 9:00:00,28.6,77
2024/7/15 10:00:00,30.0,71
2024/7/15 11:00:00,30.7,63
2024/7/15 12:00:00,31.4,59
2024/7/15 13:00:00,30.8,59
2024/7/15 14:00:00,29.1,67
2024/7/15 15:00:00,26.0,92
2024/7/15 16:00:00,26.7,87
2024/7/15 17:00:00,26.0,91
2024/7/15 18:00:00,26.3,91
2024/7/15 19:00:00,25.8,90
2024/7/15 20:00:00,25.7,91
2024/7/15 21:00:00,25.5,92
2024/7/15 22:00:00,24.2,94
2024/7/15 23:00:00,24.2,95
2024/7/16 00:00:00,24.6,93
2024/7/16 1:00:00,24.4,94
2024/7/16 2:00:00,24.1,97
2024/7/16 3:00:00,23.7,98
2024/7/16 4:00:00,23.7,98
2024/7/16 5:00:00,23.7,99
2024/7/16 6:00:00,23.7,100
2024/7/16 7:00:00,24.4,99
2024/7/16 8:00:00,24.2,99
2024/7/16 9:00:00,24.7,97
2024/7/16 10:00:00,26.1,91
2024/7/16 11:00:00,27.2,85
2024/7/16 12:00:00,28.8,78
2024/7/16 13:00:00,29.7,69
2024/7/16 14:00:00,30.3,65
2024/7/16 15:00:00,30.3,64
2024/7/16 16:00:00,30.8,66
2024/7/16 17:00:00,30.8,64
2024/7/16 18:00:00,28.7,82
2024/7/16 19:00:00,27.4,87
2024/7/16 20:00:00,25.9,97
2024/7/16 21:00:00,25.5,97
2024/7/16 22:00:00,25.1,97
2024/7/16 23:00:00,24.6,95
2024/7/17 00:00:00,24.2,95
2024/7/17 1:00:00,24.1,96
2024/7/17 2:00:00,23.7,96
2024/7/17 3:00:00,23.6,96
2024/7/17 4:00:00,23.8,95
2024/7/17 5:00:00,23.8,96
2024/7/17 6:00:00,24.1,94
2024/7/17 7:00:00,24.8,90
2024/7/17 8:00:00,24.6,90
2024/7/17 9:00:00,24.4,98
2024/7/17 10:00:00,25.5,91
2024/7/17 11:00:00,27.4,80
2024/7/17 12:00:00,28.9,76
2024/7/17 13:00:00,31.1,71
2024/7/17 14:00:00,31.5,64
2024/7/17 15:00:00,31.6,62
2024/7/17 16:00:00,32.4,58
2024/7/17 17:00:00,31.8,61
2024/7/17 18:00:00,30.7,66
2024/7/17 19:00:00,24.9,90
2024/7/17 20:00:00,24.8,90
2024/7/17 21:00:00,25.3,92
2024/7/17 22:00:00,25.5,91
2024/7/17 23:00:00,25.2,93
2024/7/18 00:00:00,25.1,93
2024/7/18 1:00:00,25.4,93
2024/7/18 2:00:00,25.9,92
2024/7/18 3:00:00,25.5,95
2024/7/18 4:00:00,25.2,97
2024/7/18 5:00:00,25.1,94
2024/7/18 6:00:00,25.4,92
2024/7/18 7:00:00,26.8,79
2024/7/18 8:00:00,28.3,72
2024/7/18 9:00:00,29.6,65
2024/7/18 10:00:00,31.0,60
2024/7/18 11:00:00,32.4,57
2024/7/18 12:00:00,33.6,55
2024/7/18 13:00:00,34.8,53
2024/7/18 14:00:00,35.2,46
2024/7/18 15:00:00,35.3,49
2024/7/18 16:00:00,34.3,57
2024/7/18 17:00:00,32.4,62
2024/7/18 18:00:00,31.1,68
2024/7/18 19:00:00,29.6,78
2024/7/18 20:00:00,28.9,80
2024/7/18 21:00:00,28.4,83
2024/7/18 22:00:00,28.0,83
2024/7/18 23:00:00,27.8,82
2024/7/19 00:00:00,27.7,81
2024/7/19 1:00:00,27.5,81
2024/7/19 2:00:00,27.3,82
2024/7/19 3:00:00,26.9,83
2024/7/19 4:00:00,27.0,83
2024/7/19 5:00:00,26.7,85
2024/7/19 6:00:00,27.1,81
2024/7/19 7:00:00,27.3,79
2024/7/19 8:00:00,29.0,73
2024/7/19 9:00:00,29.5,75
2024/7/19 10:00:00,30.0,72
2024/7/19 11:00:00,31.6,67
2024/7/19 12:00:00,32.5,63
2024/7/19 13:00:00,32.4,60
2024/7/19 14:00:00,33.4,60
2024/7/19 15:00:00,34.4,62
2024/7/19 16:00:00,32.5,64
2024/7/19 17:00:00,32.0,65
2024/7/19 18:00:00,32.0,67
2024/7/19 19:00:00,30.9,72
2024/7/19 20:00:00,30.1,78
2024/7/19 21:00:00,29.7,80
2024/7/19 22:00:00,29.2,82
2024/7/19 23:00:00,28.7,85
2024/7/20 00:00:00,28.4,86
2024/7/20 1:00:00,28.1,86
2024/7/20 2:00:00,27.9,87
2024/7/20 3:00:00,27.9,84
2024/7/20 4:00:00,27.5,87
2024/7/20 5:00:00,27.5,85
2024/7/20 6:00:00,27.7,84
2024/7/20 7:00:00,28.6,81
2024/7/20 8:00:00,29.9,76
2024/7/20 9:00:00,32.3,69
2024/7/20 10:00:00,33.4,59
2024/7/20 11:00:00,33.6,61
2024/7/20 12:00:00,34.0,58
2024/7/20 13:00:00,34.5,58
2024/7/20 14:00:00,34.1,56
2024/7/20 15:00:00,30.4,74
2024/7/20 16:00:00,30.6,69
2024/7/20 17:00:00,29.9,71
2024/7/20 18:00:00,30.2,69
2024/7/20 19:00:00,30.2,70
2024/7/20 20:00:00,30.0,71
2024/7/20 21:00:00,29.1,77
2024/7/20 22:00:00,29.3,78
2024/7/20 23:00:00,28.5,81
2024/7/21 00:00:00,27.8,82
2024/7/21 1:00:00,27.4,83
2024/7/21 2:00:00,27.0,85
2024/7/21 3:00:00,26.9,84
2024/7/21 4:00:00,26.3,83
2024/7/21 5:00:00,26.2,83
2024/7/21 6:00:00,26.9,82
2024/7/21 7:00:00,28.0,77
2024/7/21 8:00:00,29.2,74
2024/7/21 9:00:00,31.3,67
2024/7/21 10:00:00,33.0,62
2024/7/21 11:00:00,33.4,57
2024/7/21 12:00:00,34.4,53
2024/7/21 13:00:00,36.2,54
2024/7/21 14:00:00,36.2,49
2024/7/21 15:00:00,36.9,47
2024/7/21 16:00:00,35.6,48
2024/7/21 17:00:00,35.9,51
2024/7/21 18:00:00,34.7,55
2024/7/21 19:00:00,33.9,57
2024/7/21 20:00:00,33.4,58
2024/7/21 21:00:00,32.1,65
2024/7/21 22:00:00,30.9,68
2024/7/21 23:00:00,30.3,69
2024/7/22 00:00:00,29.7,72
2024/7/22 1:00:00,29.5,75
2024/7/22 2:00:00,29.1,76
2024/7/22 3:00:00,28.8,77
2024/7/22 4:00:00,28.7,78
2024/7/22 5:00:00,28.6,77
2024/7/22 6:00:00,29.2,75
2024/7/22 7:00:00,30.4,69
2024/7/22 8:00:00,31.5,64
2024/7/22 9:00:00,33.0,59
2024/7/22 10:00:00,34.3,54
2024/7/22 11:00:00,34.7,52
2024/7/22 12:00:00,34.5,49
2024/7/22 13:00:00,35.0,50
2024/7/22 14:00:00,36.2,44
2024/7/22 15:00:00,36.7,45
2024/7/22 16:00:00,36.9,44
2024/7/22 17:00:00,36.0,47
2024/7/22 18:00:00,34.8,50
2024/7/22 19:00:00,31.4,65
2024/7/22 20:00:00,31.5,63
2024/7/22 21:00:00,31.4,60
2024/7/22 22:00:00,31.2,59
2024/7/22 23:00:00,30.9,58
2024/7/23 00:00:00,30.1,61
2024/7/23 1:00:00,29.6,66
2024/7/23 2:00:00,29.3,68
2024/7/23 3:00:00,29.2,69
2024/7/23 4:00:00,29.0,70
2024/7/23 5:00:00,28.1,75
2024/7/23 6:00:00,28.5,73
2024/7/23 7:00:00,29.6,67
2024/7/23 8:00:00,31.1,63
2024/7/23 9:00:00,32.7,58
2024/7/23 10:00:00,34.1,53
2024/7/23 11:00:00,34.6,49
2024/7/23 12:00:00,35.8,46
2024/7/23 13:00:00,36.8,41
2024/7/23 14:00:00,35.5,46
2024/7/23 15:00:00,36.1,50
2024/7/23 16:00:00,36.2,43
2024/7/23 17:00:00,35.3,46
2024/7/23 18:00:00,34.8,50
2024/7/23 19:00:00,33.8,55
2024/7/23 20:00:00,33.3,54
2024/7/23 21:00:00,32.3,62
2024/7/23 22:00:00,31.0,69
2024/7/23 23:00:00,30.0,74
2024/7/24 00:00:00,29.8,74
2024/7/24 1:00:00,29.2,77
2024/7/24 2:00:00,29.0,76
2024/7/24 3:00:00,29.1,75
2024/7/24 4:00:00,28.8,76
2024/7/24 5:00:00,29.4,72
2024/7/24 6:00:00,29.4,74
2024/7/24 7:00:00,30.4,70
2024/7/24 8:00:00,30.9,67
2024/7/24 9:00:00,28.7,65
2024/7/24 10:00:00,26.7,73
2024/7/24 11:00:00,28.4,63
2024/7/24 12:00:00,30.7,54
2024/7/24 13:00:00,32.0,57
2024/7/24 14:00:00,32.9,52
2024/7/24 15:00:00,32.3,55
2024/7/24 16:00:00,32.9,54
2024/7/24 17:00:00,31.7,59
2024/7/24 18:00:00,31.3,62
2024/7/24 19:00:00,29.2,75
2024/7/24 20:00:00,28.4,81
2024/7/24 21:00:00,27.7,85
2024/7/24 22:00:00,27.5,85
2024/7/24 23:00:00,26.8,85
2024/7/25 00:00:00,27.6,81
2024/7/25 1:00:00,27.3,83
2024/7/25 2:00:00,27.2,84
2024/7/25 3:00:00,26.7,91
2024/7/25 4:00:00,26.5,91
2024/7/25 5:00:00,26.4,92
2024/7/25 6:00:00,26.6,86
2024/7/25 7:00:00,27.5,82
2024/7/25 8:00:00,29.0,73
2024/7/25 9:00:00,31.1,66
2024/7/25 10:00:00,32.7,59
2024/7/25 11:00:00,33.1,57
2024/7/25 12:00:00,33.3,56
2024/7/25 13:00:00,35.1,49
2024/7/25 14:00:00,34.9,49
2024/7/25 15:00:00,30.7,72
2024/7/25 16:00:00,29.8,79
2024/7/25 17:00:00,29.0,68
2024/7/25 18:00:00,27.7,76
2024/7/25 19:00:00,28.8,73
2024/7/25 20:00:00,26.3,79
2024/7/25 21:00:00,26.6,77
2024/7/25 22:00:00,26.3,77
2024/7/25 23:00:00,26.5,79
2024/7/26 00:00:00,25.7,83
2024/7/26 1:00:00,25.4,84
2024/7/26 2:00:00,25.5,84
2024/7/26 3:00:00,25.3,85
2024/7/26 4:00:00,25.0,86
2024/7/26 5:00:00,24.8,88
2024/7/26 6:00:00,25.9,83
2024/7/26 7:00:00,26.4,81
2024/7/26 8:00:00,27.7,76
2024/7/26 9:00:00,30.0,67
2024/7/26 10:00:00,31.3,63
2024/7/26 11:00:00,33.0,58
2024/7/26 12:00:00,34.6,57
2024/7/26 13:00:00,35.1,49
2024/7/26 14:00:00,35.5,50
2024/7/26 15:00:00,34.8,52
2024/7/26 16:00:00,35.3,53
2024/7/26 17:00:00,34.2,56
2024/7/26 18:00:00,33.1,56
2024/7/26 19:00:00,32.6,60
2024/7/26 20:00:00,32.2,65
2024/7/26 21:00:00,31.3,70
2024/7/26 22:00:00,30.4,76
2024/7/26 23:00:00,30.0,79
2024/7/27 00:00:00,29.3,81
2024/7/27 1:00:00,29.1,83
2024/7/27 2:00:00,28.7,84
2024/7/27 3:00:00,28.7,85
2024/7/27 4:00:00,28.3,86
2024/7/27 5:00:00,28.1,87
2024/7/27 6:00:00,28.4,83
2024/7/27 7:00:00,29.5,78
2024/7/27 8:00:00,30.5,70
2024/7/27 9:00:00,32.6,67
2024/7/27 10:00:00,32.8,61
2024/7/27 11:00:00,34.0,57
2024/7/27 12:00:00,35.5,52
2024/7/27 13:00:00,36.8,50
2024/7/27 14:00:00,37.4,48
2024/7/27 15:00:00,37.9,43
2024/7/27 16:00:00,37.0,47
2024/7/27 17:00:00,35.9,50
2024/7/27 18:00:00,35.4,53
2024/7/27 19:00:00,34.8,55
2024/7/27 20:00:00,34.1,57
2024/7/27 21:00:00,32.7,61
2024/7/27 22:00:00,32.0,63
2024/7/27 23:00:00,31.0,65
2024/7/28 00:00:00,30.1,69
2024/7/28 1:00:00,30.1,70
2024/7/28 2:00:00,29.9,72
2024/7/28 3:00:00,29.2,74
2024/7/28 4:00:00,28.7,75
2024/7/28 5:00:00,28.6,76
2024/7/28 6:00:00,28.9,75
2024/7/28 7:00:00,30.2,70
2024/7/28 8:00:00,31.8,64
2024/7/28 9:00:00,33.7,57
2024/7/28 10:00:00,35.4,50
2024/7/28 11:00:00,36.2,49
2024/7/28 12:00:00,37.0,45
2024/7/28 13:00:00,36.9,50
2024/7/28 14:00:00,36.8,46
2024/7/28 15:00:00,36.7,45
2024/7/28 16:00:00,35.8,46
2024/7/28 17:00:00,35.0,49
2024/7/28 18:00:00,33.9,50
2024/7/28 19:00:00,33.0,53
2024/7/28 20:00:00,31.9,57
2024/7/28 21:00:00,31.3,60
2024/7/28 22:00:00,30.7,62
2024/7/28 23:00:00,30.4,64
2024/7/29 00:00:00,30.6,58
2024/7/29 1:00:00,30.1,59
2024/7/29 2:00:00,29.5,62
2024/7/29 3:00:00,29.1,64
2024/7/29 4:00:00,28.5,66
2024/7/29 5:00:00,28.1,67
2024/7/29 6:00:00,28.5,64
2024/7/29 7:00:00,30.1,58
2024/7/29 8:00:00,32.2,52
2024/7/29 9:00:00,33.9,50
2024/7/29 10:00:00,34.7,46
2024/7/29 11:00:00,36.0,43
2024/7/29 12:00:00,36.3,42
2024/7/29 13:00:00,36.5,42
2024/7/29 14:00:00,36.8,41
2024/7/29 15:00:00,36.7,39
2024/7/29 16:00:00,35.8,43
2024/7/29 17:00:00,34.3,46
2024/7/29 18:00:00,33.0,48
2024/7/29 19:00:00,32.1,52
2024/7/29 20:00:00,31.5,55
2024/7/29 21:00:00,30.9,57
2024/7/29 22:00:00,30.3,60
2024/7/29 23:00:00,30.3,60
2024/7/30 00:00:00,29.9,62
2024/7/30 1:00:00,29.5,63
2024/7/30 2:00:00,28.9,68
2024/7/30 3:00:00,28.8,69
2024/7/30 4:00:00,28.7,70
2024/7/30 5:00:00,28.7,71
2024/7/30 6:00:00,28.9,72
2024/7/30 7:00:00,30.5,67
2024/7/30 8:00:00,32.1,62
2024/7/30 9:00:00,31.8,65
2024/7/30 10:00:00,32.6,60
2024/7/30 11:00:00,34.2,58
2024/7/30 12:00:00,34.8,56
2024/7/30 13:00:00,34.6,56
2024/7/30 14:00:00,35.1,55
2024/7/30 15:00:00,35.0,55
2024/7/30 16:00:00,33.5,57
2024/7/30 17:00:00,32.0,61
2024/7/30 18:00:00,31.0,65
2024/7/30 19:00:00,29.8,69
2024/7/30 20:00:00,29.6,71
2024/7/30 21:00:00,29.3,72
2024/7/30 22:00:00,28.9,73
2024/7/30 23:00:00,29.0,72
2024/7/31 00:00:00,28.8,73
2024/7/31 1:00:00,28.8,71
2024/7/31 2:00:00,29.2,68
2024/7/31 3:00:00,28.7,69
2024/7/31 4:00:00,28.4,70
2024/7/31 5:00:00,28.1,72
2024/7/31 6:00:00,28.5,70
2024/7/31 7:00:00,29.7,65
2024/7/31 8:00:00,31.1,58
2024/7/31 9:00:00,33.1,49
2024/7/31 10:00:00,34.3,46
2024/7/31 11:00:00,35.2,45
2024/7/31 12:00:00,36.1,40
2024/7/31 13:00:00,36.4,38
2024/7/31 14:00:00,37.2,37
2024/7/31 15:00:00,36.4,37
2024/7/31 16:00:00,35.5,38
2024/7/31 17:00:00,35.0,38
2024/7/31 18:00:00,33.0,50
2024/7/31 19:00:00,31.8,49
2024/7/31 20:00:00,30.7,56
2024/7/31 21:00:00,30.1,56
2024/7/31 22:00:00,29.3,58
2024/7/31 23:00:00,28.7,60
2024/8/1 00:00:00,28.7,59
2024/8/1 1:00:00,28.3,60
2024/8/1 2:00:00,27.7,63
2024/8/1 3:00:00,27.2,67
2024/8/1 4:00:00,27.0,68
2024/8/1 5:00:00,26.6,69
2024/8/1 6:00:00,27.1,67
2024/8/1 7:00:00,28.5,63
2024/8/1 8:00:00,30.5,59
2024/8/1 9:00:00,31.4,57
2024/8/1 10:00:00,32.6,53
2024/8/1 11:00:00,34.1,46
2024/8/1 12:00:00,35.9,40
2024/8/1 13:00:00,35.9,39
2024/8/1 14:00:00,35.7,36
2024/8/1 15:00:00,36.0,36
2024/8/1 16:00:00,36.6,37
2024/8/1 17:00:00,35.3,42
2024/8/1 18:00:00,32.3,56
2024/8/1 19:00:00,30.9,64
2024/8/1 20:00:00,29.6,68
2024/8/1 21:00:00,29.1,74
2024/8/1 22:00:00,28.6,77
2024/8/1 23:00:00,28.4,79
2024/8/2 00:00:00,28.2,78
2024/8/2 1:00:00,27.9,79
2024/8/2 2:00:00,27.7,80
2024/8/2 3:00:00,27.8,79
2024/8/2 4:00:00,27.5,81
2024/8/2 5:00:00,27.1,82
2024/8/2 6:00:00,27.8,76
2024/8/2 7:00:00,28.6,77
2024/8/2 8:00:00,29.2,71
2024/8/2 9:00:00,31.2,63
2024/8/2 10:00:00,32.3,58
2024/8/2 11:00:00,34.1,53
2024/8/2 12:00:00,35.7,44
2024/8/2 13:00:00,36.5,43
2024/8/2 14:00:00,37.6,43
2024/8/2 15:00:00,37.2,43
2024/8/2 16:00:00,34.9,50
2024/8/2 17:00:00,33.9,55
2024/8/2 18:00:00,32.2,60
2024/8/2 19:00:00,30.7,64
2024/8/2 20:00:00,29.6,70
2024/8/2 21:00:00,29.2,76
2024/8/2 22:00:00,29.2,77
2024/8/2 23:00:00,29.1,77
2024/8/3 00:00:00,29.0,76
2024/8/3 1:00:00,29.1,74
2024/8/3 2:00:00,28.8,76
2024/8/3 3:00:00,28.5,78
2024/8/3 4:00:00,28.3,80
2024/8/3 5:00:00,28.2,81
2024/8/3 6:00:00,28.9,76
2024/8/3 7:00:00,29.8,72
2024/8/3 8:00:00,30.0,70
2024/8/3 9:00:00,31.4,66
2024/8/3 10:00:00,32.8,60
2024/8/3 11:00:00,34.6,56
2024/8/3 12:00:00,34.2,55
2024/8/3 13:00:00,36.6,51
2024/8/3 14:00:00,35.6,51
2024/8/3 15:00:00,35.9,53
2024/8/3 16:00:00,35.0,55
2024/8/3 17:00:00,33.9,60
2024/8/3 18:00:00,32.0,67
2024/8/3 19:00:00,31.0,69
2024/8/3 20:00:00,30.2,72
2024/8/3 21:00:00,29.9,73
2024/8/3 22:00:00,29.7,74
2024/8/3 23:00:00,29.6,73
2024/8/4 00:00:00,29.4,75
2024/8/4 1:00:00,29.4,74
2024/8/4 2:00:00,28.9,78
2024/8/4 3:00:00,28.7,81
2024/8/4 4:00:00,28.3,83
2024/8/4 5:00:00,28.2,83
2024/8/4 6:00:00,28.6,82
2024/8/4 7:00:00,29.3,79
2024/8/4 8:00:00,29.9,76
2024/8/4 9:00:00,31.8,71
2024/8/4 10:00:00,33.6,62
2024/8/4 11:00:00,35.7,54
2024/8/4 12:00:00,34.6,54
2024/8/4 13:00:00,37.2,46
2024/8/4 14:00:00,36.0,50
2024/8/4 15:00:00,37.2,50
2024/8/4 16:00:00,36.4,49
2024/8/4 17:00:00,35.4,49
2024/8/4 18:00:00,34.3,55
2024/8/4 19:00:00,32.8,59
2024/8/4 20:00:00,31.5,66
2024/8/4 21:00:00,30.6,70
2024/8/4 22:00:00,30.1,73
2024/8/4 23:00:00,29.4,81
2024/8/5 00:00:00,29.3,82
2024/8/5 1:00:00,29.2,82
2024/8/5 2:00:00,29.1,83
2024/8/5 3:00:00,29.0,82
2024/8/5 4:00:00,28.8,84
2024/8/5 5:00:00,28.7,84
2024/8/5 6:00:00,28.8,80
2024/8/5 7:00:00,29.7,76
2024/8/5 8:00:00,31.1,70
2024/8/5 9:00:00,32.3,66
2024/8/5 10:00:00,34.1,59
2024/8/5 11:00:00,34.4,54
2024/8/5 12:00:00,35.8,50
2024/8/5 13:00:00,38.0,44
2024/8/5 14:00:00,38.3,45
2024/8/5 15:00:00,37.0,48
2024/8/5 16:00:00,33.4,65
2024/8/5 17:00:00,32.4,67
2024/8/5 18:00:00,31.5,71
2024/8/5 19:00:00,30.9,72
2024/8/5 20:00:00,30.5,74
2024/8/5 21:00:00,30.1,77
2024/8/5 22:00:00,29.9,76
2024/8/5 23:00:00,29.6,76
2024/8/6 00:00:00,29.5,77
2024/8/6 1:00:00,29.4,79
2024/8/6 2:00:00,29.2,79
2024/8/6 3:00:00,29.1,79
2024/8/6 4:00:00,28.9,80
2024/8/6 5:00:00,29.0,80
2024/8/6 6:00:00,28.9,80
2024/8/6 7:00:00,28.9,79
2024/8/6 8:00:00,29.9,75
2024/8/6 9:00:00,30.7,72
2024/8/6 10:00:00,33.0,64
2024/8/6 11:00:00,32.3,65
2024/8/6 12:00:00,33.9,59
2024/8/6 13:00:00,33.0,60
2024/8/6 14:00:00,35.4,53
2024/8/6 15:00:00,36.3,43
2024/8/6 16:00:00,35.2,54
2024/8/6 17:00:00,34.0,59
2024/8/6 18:00:00,33.2,60
2024/8/6 19:00:00,31.8,67
2024/8/6 20:00:00,30.9,72
2024/8/6 21:00:00,30.4,73
2024/8/6 22:00:00,29.8,76
2024/8/6 23:00:00,29.6,72
2024/8/7 00:00:00,29.3,76
2024/8/7 1:00:00,29.2,78
2024/8/7 2:00:00,29.1,77
2024/8/7 3:00:00,28.8,79
2024/8/7 4:00:00,28.9,76
2024/8/7 5:00:00,28.3,75
2024/8/7 6:00:00,28.5,74
2024/8/7 7:00:00,29.0,74
2024/8/7 8:00:00,30.3,73
2024/8/7 9:00:00,31.7,68
2024/8/7 10:00:00,33.0,60
2024/8/7 11:00:00,34.2,53
2024/8/7 12:00:00,36.3,46
2024/8/7 13:00:00,36.0,44
2024/8/7 14:00:00,37.0,41
2024/8/7 15:00:00,36.7,42
2024/8/7 16:00:00,35.8,42
2024/8/7 17:00:00,35.3,42
2024/8/7 18:00:00,34.0,50
2024/8/7 19:00:00,32.2,55
2024/8/7 20:00:00,30.9,60
2024/8/7 21:00:00,30.2,62
2024/8/7 22:00:00,29.7,63
2024/8/7 23:00:00,29.1,65
2024/8/8 00:00:00,28.9,66
2024/8/8 1:00:00,28.6,67
2024/8/8 2:00:00,28.3,68
2024/8/8 3:00:00,27.9,70
2024/8/8 4:00:00,27.4,72
2024/8/8 5:00:00,27.2,74
2024/8/8 6:00:00,27.1,74
2024/8/8 7:00:00,28.4,70
2024/8/8 8:00:00,29.8,66
2024/8/8 9:00:00,30.6,63
2024/8/8 10:00:00,32.9,58
2024/8/8 11:00:00,33.8,53
2024/8/8 12:00:00,35.6,47
2024/8/8 13:00:00,36.2,46
2024/8/8 14:00:00,36.9,43
2024/8/8 15:00:00,35.2,48
2024/8/8 16:00:00,36.1,45
2024/8/8 17:00:00,35.2,46
2024/8/8 18:00:00,34.5,47
2024/8/8 19:00:00,33.9,51
2024/8/8 20:00:00,32.5,55
2024/8/8 21:00:00,31.0,67
2024/8/8 22:00:00,30.1,70
2024/8/8 23:00:00,29.9,68
2024/8/9 00:00:00,29.4,70
2024/8/9 1:00:00,29.0,73
2024/8/9 2:00:00,28.9,75
2024/8/9 3:00:00,28.4,76
2024/8/9 4:00:00,28.7,73
2024/8/9 5:00:00,28.5,73
2024/8/9 6:00:00,28.7,73
2024/8/9 7:00:00,29.4,70
2024/8/9 8:00:00,31.2,66
2024/8/9 9:00:00,31.7,60
2024/8/9 10:00:00,34.1,55
2024/8/9 11:00:00,35.4,47
2024/8/9 12:00:00,36.7,45
2024/8/9 13:00:00,38.6,37
2024/8/9 14:00:00,38.7,38
2024/8/9 15:00:00,38.4,39
2024/8/9 16:00:00,37.5,40
2024/8/9 17:00:00,35.5,46
2024/8/9 18:00:00,34.1,51
2024/8/9 19:00:00,32.3,59
2024/8/9 20:00:00,31.8,59
2024/8/9 21:00:00,31.3,59
2024/8/9 22:00:00,30.5,67
2024/8/9 23:00:00,30.4,67
2024/8/10 00:00:00,29.9,65
2024/8/10 1:00:00,29.4,67
2024/8/10 2:00:00,29.3,67
2024/8/10 3:00:00,28.9,69
2024/8/10 4:00:00,28.3,70
2024/8/10 5:00:00,27.9,71
2024/8/10 6:00:00,28.2,68
2024/8/10 7:00:00,29.0,64
2024/8/10 8:00:00,30.8,56
2024/8/10 9:00:00,31.7,51
2024/8/10 10:00:00,33.1,51
2024/8/10 11:00:00,34.3,49
2024/8/10 12:00:00,34.8,45
2024/8/10 13:00:00,35.6,45
2024/8/10 14:00:00,36.6,41
2024/8/10 15:00:00,37.0,40
2024/8/10 16:00:00,36.8,44
2024/8/10 17:00:00,35.3,48
2024/8/10 18:00:00,33.7,52
2024/8/10 19:00:00,31.9,60
2024/8/10 20:00:00,31.2,62
2024/8/10 21:00:00,30.6,63
2024/8/10 22:00:00,29.8,65
2024/8/10 23:00:00,29.5,65
2024/8/11 00:00:00,29.2,66
2024/8/11 1:00:00,29.0,67
2024/8/11 2:00:00,28.5,68
2024/8/11 3:00:00,28.0,70
2024/8/11 4:00:00,27.7,70
2024/8/11 5:00:00,27.4,70
2024/8/11 6:00:00,27.5,70
2024/8/11 7:00:00,28.6,66
2024/8/11 8:00:00,29.7,61
2024/8/11 9:00:00,31.1,57
2024/8/11 10:00:00,34.3,50
2024/8/11 11:00:00,35.3,41
2024/8/11 12:00:00,37.5,40
2024/8/11 13:00:00,36.2,39
2024/8/11 14:00:00,36.6,40
2024/8/11 15:00:00,38.0,39
2024/8/11 16:00:00,36.9,39
2024/8/11 17:00:00,35.2,48
2024/8/11 18:00:00,33.6,52
2024/8/11 19:00:00,32.0,58
2024/8/11 20:00:00,30.8,62
2024/8/11 21:00:00,30.3,63
2024/8/11 22:00:00,29.9,64
2024/8/11 23:00:00,29.5,65
2024/8/12 00:00:00,29.2,66
2024/8/12 1:00:00,29.0,66
2024/8/12 2:00:00,28.6,68
2024/8/12 3:00:00,28.2,70
2024/8/12 4:00:00,28.0,71
2024/8/12 5:00:00,27.8,72
2024/8/12 6:00:00,27.9,72
2024/8/12 7:00:00,29.0,66
2024/8/12 8:00:00,30.4,61
2024/8/12 9:00:00,32.0,53
2024/8/12 10:00:00,33.7,51
2024/8/12 11:00:00,35.4,46
2024/8/12 12:00:00,35.9,42
2024/8/12 13:00:00,37.1,43
2024/8/12 14:00:00,37.3,41
2024/8/12 15:00:00,37.0,41
2024/8/12 16:00:00,36.7,38
2024/8/12 17:00:00,35.9,41
2024/8/12 18:00:00,34.3,48
2024/8/12 19:00:00,32.1,59
2024/8/12 20:00:00,31.4,64
2024/8/12 21:00:00,31.0,65
2024/8/12 22:00:00,30.4,73
2024/8/12 23:00:00,29.8,76
2024/8/13 00:00:00,29.4,79
2024/8/13 1:00:00,29.1,78
2024/8/13 2:00:00,29.2,76
2024/8/13 3:00:00,29.0,75
2024/8/13 4:00:00,28.9,78
2024/8/13 5:00:00,28.6,79
2024/8/13 6:00:00,28.8,77
2024/8/13 7:00:00,29.5,72
2024/8/13 8:00:00,30.0,74
2024/8/13 9:00:00,32.5,63
2024/8/13 10:00:00,33.6,55
2024/8/13 11:00:00,33.6,56
2024/8/13 12:00:00,35.1,48
2024/8/13 13:00:00,36.6,49
2024/8/13 14:00:00,35.9,51
2024/8/13 15:00:00,36.4,45
2024/8/13 16:00:00,36.0,44
2024/8/13 17:00:00,34.5,46
2024/8/13 18:00:00,33.2,48
2024/8/13 19:00:00,32.0,54
2024/8/13 20:00:00,31.1,62
2024/8/13 21:00:00,30.2,68
2024/8/13 22:00:00,29.9,71
2024/8/13 23:00:00,29.6,73
2024/8/14 00:00:00,29.4,75
2024/8/14 1:00:00,29.1,76
2024/8/14 2:00:00,28.8,77
2024/8/14 3:00:00,28.5,77
2024/8/14 4:00:00,28.5,77
2024/8/14 5:00:00,28.4,75
2024/8/14 6:00:00,28.2,78
2024/8/14 7:00:00,29.2,75
2024/8/14 8:00:00,30.8,68
2024/8/14 9:00:00,32.5,63
2024/8/14 10:00:00,32.5,59
2024/8/14 11:00:00,34.0,52
2024/8/14 12:00:00,35.3,49
2024/8/14 13:00:00,35.5,49
2024/8/14 14:00:00,37.3,45
2024/8/14 15:00:00,36.6,42
2024/8/14 16:00:00,34.1,49
2024/8/14 17:00:00,33.6,45
2024/8/14 18:00:00,32.7,54
2024/8/14 19:00:00,31.9,63
2024/8/14 20:00:00,31.1,71
2024/8/14 21:00:00,30.7,73
2024/8/14 22:00:00,30.4,74
2024/8/14 23:00:00,30.3,73
2024/8/15 00:00:00,29.9,74
2024/8/15 1:00:00,30.0,74
2024/8/15 2:00:00,29.4,78
2024/8/15 3:00:00,28.9,81
2024/8/15 4:00:00,28.8,81
2024/8/15 5:00:00,28.8,80
2024/8/15 6:00:00,29.0,78
2024/8/15 7:00:00,29.0,78
2024/8/15 8:00:00,30.1,73
2024/8/15 9:00:00,32.2,68
2024/8/15 10:00:00,32.1,59
2024/8/15 11:00:00,34.7,53
2024/8/15 12:00:00,33.7,54
2024/8/15 13:00:00,35.7,48
2024/8/15 14:00:00,36.7,48
2024/8/15 15:00:00,36.4,46
2024/8/15 16:00:00,30.5,66
2024/8/15 17:00:00,27.6,86
2024/8/15 18:00:00,29.4,78
2024/8/15 19:00:00,29.7,76
2024/8/15 20:00:00,29.2,76
2024/8/15 21:00:00,28.0,84
2024/8/15 22:00:00,28.6,79
2024/8/15 23:00:00,28.0,84
2024/8/16 00:00:00,27.8,85
2024/8/16 1:00:00,27.7,88
2024/8/16 2:00:00,27.5,88
2024/8/16 3:00:00,27.3,85
2024/8/16 4:00:00,27.0,87
2024/8/16 5:00:00,27.4,83
2024/8/16 6:00:00,27.3,83
2024/8/16 7:00:00,28.4,78
2024/8/16 8:00:00,30.5,71
2024/8/16 9:00:00,32.3,62
2024/8/16 10:00:00,33.7,59
2024/8/16 11:00:00,35.2,54
2024/8/16 12:00:00,36.3,50
2024/8/16 13:00:00,36.7,48
2024/8/16 14:00:00,36.6,49
2024/8/16 15:00:00,36.1,51
2024/8/16 16:00:00,35.5,52
2024/8/16 17:00:00,33.8,56
2024/8/16 18:00:00,32.2,62
2024/8/16 19:00:00,30.9,66
2024/8/16 20:00:00,30.3,67
2024/8/16 21:00:00,30.1,67
2024/8/16 22:00:00,29.6,69
2024/8/16 23:00:00,29.4,70
2024/8/17 00:00:00,29.2,71
2024/8/17 1:00:00,28.8,73
2024/8/17 2:00:00,28.7,73
2024/8/17 3:00:00,28.4,74
2024/8/17 4:00:00,28.3,75
2024/8/17 5:00:00,28.3,75
2024/8/17 6:00:00,28.7,74
2024/8/17 7:00:00,29.9,69
2024/8/17 8:00:00,31.8,62
2024/8/17 9:00:00,32.9,58
2024/8/17 10:00:00,34.9,54
2024/8/17 11:00:00,36.0,52
2024/8/17 12:00:00,35.6,51
2024/8/17 13:00:00,37.6,45
2024/8/17 14:00:00,37.7,45
2024/8/17 15:00:00,37.2,45
2024/8/17 16:00:00,36.4,49
2024/8/17 17:00:00,35.2,53
2024/8/17 18:00:00,33.1,58
2024/8/17 19:00:00,31.7,62
2024/8/17 20:00:00,30.9,65
2024/8/17 21:00:00,30.5,66
2024/8/17 22:00:00,29.9,68
2024/8/17 23:00:00,29.7,68
2024/8/18 00:00:00,29.4,69
2024/8/18 1:00:00,29.0,71
2024/8/18 2:00:00,28.8,71
2024/8/18 3:00:00,28.6,71
2024/8/18 4:00:00,28.6,72
2024/8/18 5:00:00,28.3,75
2024/8/18 6:00:00,28.3,74
2024/8/18 7:00:00,28.9,72
2024/8/18 8:00:00,30.5,64
2024/8/18 9:00:00,31.3,61
2024/8/18 10:00:00,33.1,57
2024/8/18 11:00:00,33.5,55
2024/8/18 12:00:00,34.3,50
2024/8/18 13:00:00,35.1,48
2024/8/18 14:00:00,35.1,49
2024/8/18 15:00:00,35.9,45
2024/8/18 16:00:00,35.8,45
2024/8/18 17:00:00,35.2,46
2024/8/18 18:00:00,33.2,55
2024/8/18 19:00:00,31.7,68
2024/8/18 20:00:00,30.8,70
2024/8/18 21:00:00,30.5,73
2024/8/18 22:00:00,30.0,77
2024/8/18 23:00:00,29.6,78
2024/8/19 00:00:00,29.4,77
2024/8/19 1:00:00,29.7,74
2024/8/19 2:00:00,29.5,75
2024/8/19 3:00:00,29.0,76
2024/8/19 4:00:00,28.6,80
2024/8/19 5:00:00,28.2,82
2024/8/19 6:00:00,28.9,78
2024/8/19 7:00:00,30.3,70
2024/8/19 8:00:00,31.1,67
2024/8/19 9:00:00,31.4,67
2024/8/19 10:00:00,31.8,67
2024/8/19 11:00:00,32.5,64
2024/8/19 12:00:00,32.2,64
2024/8/19 13:00:00,33.3,61
2024/8/19 14:00:00,33.1,58
2024/8/19 15:00:00,33.2,55
2024/8/19 16:00:00,33.0,57
2024/8/19 17:00:00,32.3,58
2024/8/19 18:00:00,31.6,64
2024/8/19 19:00:00,31.0,61
2024/8/19 20:00:00,30.7,64
2024/8/19 21:00:00,30.5,66
2024/8/19 22:00:00,30.5,67
2024/8/19 23:00:00,29.0,80
2024/8/20 00:00:00,27.9,85
2024/8/20 1:00:00,27.9,84
2024/8/20 2:00:00,27.1,89
2024/8/20 3:00:00,26.9,91
2024/8/20 4:00:00,26.0,95
2024/8/20 5:00:00,25.0,96
2024/8/20 6:00:00,22.5,98
2024/8/20 7:00:00,22.5,98
2024/8/20 8:00:00,23.5,98
2024/8/20 9:00:00,24.9,92
2024/8/20 10:00:00,25.4,89
2024/8/20 11:00:00,25.7,90
2024/8/20 12:00:00,27.2,77
2024/8/20 13:00:00,29.5,67
2024/8/20 14:00:00,30.8,62
2024/8/20 15:00:00,32.0,56
2024/8/20 16:00:00,31.4,60
2024/8/20 17:00:00,32.0,60
2024/8/20 18:00:00,30.7,69
2024/8/20 19:00:00,29.7,74
2024/8/20 20:00:00,29.1,81
2024/8/20 21:00:00,29.0,81
2024/8/20 22:00:00,29.1,74
2024/8/20 23:00:00,28.7,75
2024/8/21 00:00:00,28.5,77
2024/8/21 1:00:00,27.9,80
2024/8/21 2:00:00,27.6,81
2024/8/21 3:00:00,27.0,85
2024/8/21 4:00:00,26.9,85
2024/8/21 5:00:00,26.8,86
2024/8/21 6:00:00,27.2,82
2024/8/21 7:00:00,27.7,81
2024/8/21 8:00:00,29.6,69
2024/8/21 9:00:00,31.2,61
2024/8/21 10:00:00,33.0,55
2024/8/21 11:00:00,34.3,51
2024/8/21 12:00:00,34.3,47
2024/8/21 13:00:00,36.0,45
2024/8/21 14:00:00,36.1,45
2024/8/21 15:00:00,36.1,44
2024/8/21 16:00:00,35.6,51
2024/8/21 17:00:00,34.1,54
2024/8/21 18:00:00,32.6,62
2024/8/21 19:00:00,31.0,69
2024/8/21 20:00:00,30.0,78
2024/8/21 21:00:00,29.6,80
2024/8/21 22:00:00,29.4,81
2024/8/21 23:00:00,29.0,83
2024/8/22 00:00:00,28.9,84
2024/8/22 1:00:00,28.6,85
2024/8/22 2:00:00,28.4,85
2024/8/22 3:00:00,28.1,84
2024/8/22 4:00:00,28.0,84
2024/8/22 5:00:00,28.2,82
2024/8/22 6:00:00,28.4,81
2024/8/22 7:00:00,28.8,81
2024/8/22 8:00:00,29.6,78
2024/8/22 9:00:00,30.9,72
2024/8/22 10:00:00,32.3,65
2024/8/22 11:00:00,32.9,61
2024/8/22 12:00:00,34.3,59
2024/8/22 13:00:00,33.6,61
2024/8/22 14:00:00,34.5,58
2024/8/22 15:00:00,33.5,62
2024/8/22 16:00:00,33.8,57
2024/8/22 17:00:00,32.0,66
2024/8/22 18:00:00,31.5,70
2024/8/22 19:00:00,30.9,70
2024/8/22 20:00:00,30.0,78
2024/8/22 21:00:00,29.7,78
2024/8/22 22:00:00,29.5,80
2024/8/22 23:00:00,29.4,82
2024/8/23 00:00:00,29.2,83
2024/8/23 1:00:00,28.8,88
2024/8/23 2:00:00,28.3,87
2024/8/23 3:00:00,28.0,87
2024/8/23 4:00:00,27.9,87
2024/8/23 5:00:00,28.0,87
2024/8/23 6:00:00,28.1,87
2024/8/23 7:00:00,29.5,82
2024/8/23 8:00:00,30.1,78
2024/8/23 9:00:00,28.2,86
2024/8/23 10:00:00,27.2,89
2024/8/23 11:00:00,31.4,77
2024/8/23 12:00:00,33.9,64
2024/8/23 13:00:00,32.2,68
2024/8/23 14:00:00,35.3,61
2024/8/23 15:00:00,34.8,55
2024/8/23 16:00:00,33.0,64
2024/8/23 17:00:00,32.1,65
2024/8/23 18:00:00,31.1,71
2024/8/23 19:00:00,30.3,76
2024/8/23 20:00:00,29.7,81
2024/8/23 21:00:00,29.4,82
2024/8/23 22:00:00,29.2,83
2024/8/23 23:00:00,29.1,85
2024/8/24 00:00:00,29.0,85
2024/8/24 1:00:00,28.8,85
2024/8/24 2:00:00,28.7,86
2024/8/24 3:00:00,28.5,88
2024/8/24 4:00:00,28.2,89
2024/8/24 5:00:00,28.2,88
2024/8/24 6:00:00,28.3,87
2024/8/24 7:00:00,28.7,85
2024/8/24 8:00:00,29.3,83
2024/8/24 9:00:00,30.3,80
2024/8/24 10:00:00,31.6,70
2024/8/24 11:00:00,32.9,64
2024/8/24 12:00:00,34.3,60
2024/8/24 13:00:00,34.2,61
2024/8/24 14:00:00,35.7,54
2024/8/24 15:00:00,34.6,58
2024/8/24 16:00:00,34.5,58
2024/8/24 17:00:00,33.6,60
2024/8/24 18:00:00,32.3,64
2024/8/24 19:00:00,30.9,75
2024/8/24 20:00:00,30.0,79
2024/8/24 21:00:00,29.6,82
2024/8/24 22:00:00,28.4,89
2024/8/24 23:00:00,24.0,98
2024/8/25 00:00:00,23.6,96
2024/8/25 1:00:00,23.8,96
2024/8/25 2:00:00,24.6,96
2024/8/25 3:00:00,24.5,96
2024/8/25 4:00:00,24.9,96
2024/8/25 5:00:00,25.1,95
2024/8/25 6:00:00,25.0,97
2024/8/25 7:00:00,25.6,93
2024/8/25 8:00:00,26.9,85
2024/8/25 9:00:00,28.3,79
2024/8/25 10:00:00,30.0,78
2024/8/25 11:00:00,32.3,67
2024/8/25 12:00:00,31.9,67
2024/8/25 13:00:00,30.8,72
2024/8/25 14:00:00,28.3,81
2024/8/25 15:00:00,28.8,80
2024/8/25 16:00:00,30.1,71
2024/8/25 17:00:00,29.8,77
2024/8/25 18:00:00,29.4,77
2024/8/25 19:00:00,28.8,80
2024/8/25 20:00:00,28.5,82
2024/8/25 21:00:00,28.0,85
2024/8/25 22:00:00,27.5,85
2024/8/25 23:00:00,26.6,88
2024/8/26 00:00:00,26.9,87
2024/8/26 1:00:00,25.9,92
2024/8/26 2:00:00,25.4,96
2024/8/26 3:00:00,25.4,99
2024/8/26 4:00:00,25.2,97
2024/8/26 5:00:00,25.3,95
2024/8/26 6:00:00,25.1,96
2024/8/26 7:00:00,26.0,92
2024/8/26 8:00:00,28.3,82
2024/8/26 9:00:00,30.2,72
2024/8/26 10:00:00,31.5,65
2024/8/26 11:00:00,31.4,61
2024/8/26 12:00:00,31.9,59
2024/8/26 13:00:00,32.7,59
2024/8/26 14:00:00,33.5,57
2024/8/26 15:00:00,33.6,56
2024/8/26 16:00:00,32.3,60
2024/8/26 17:00:00,31.5,59
2024/8/26 18:00:00,30.5,63
2024/8/26 19:00:00,28.7,80
2024/8/26 20:00:00,27.0,89
2024/8/26 21:00:00,26.7,92
2024/8/26 22:00:00,27.2,89
2024/8/26 23:00:00,24.8,91
2024/8/27 00:00:00,24.2,96
2024/8/27 1:00:00,24.4,97
2024/8/27 2:00:00,24.8,95
2024/8/27 3:00:00,24.6,96
2024/8/27 4:00:00,24.5,97
2024/8/27 5:00:00,24.3,97
2024/8/27 6:00:00,24.4,96
2024/8/27 7:00:00,24.7,94
2024/8/27 8:00:00,24.9,94
2024/8/27 9:00:00,25.1,93
2024/8/27 10:00:00,26.5,91
2024/8/27 11:00:00,25.7,96
2024/8/27 12:00:00,28.4,81
2024/8/27 13:00:00,29.9,75
2024/8/27 14:00:00,29.8,75
2024/8/27 15:00:00,31.3,72
2024/8/27 16:00:00,30.7,71
2024/8/27 17:00:00,29.5,76
2024/8/27 18:00:00,28.8,77
2024/8/27 19:00:00,28.1,80
2024/8/27 20:00:00,27.5,82
2024/8/27 21:00:00,27.3,83
2024/8/27 22:00:00,26.9,83
2024/8/27 23:00:00,26.6,85
2024/8/28 00:00:00,26.4,85
2024/8/28 1:00:00,26.7,82
2024/8/28 2:00:00,26.4,82
2024/8/28 3:00:00,26.2,84
2024/8/28 4:00:00,26.2,83
2024/8/28 5:00:00,25.3,92
2024/8/28 6:00:00,25.2,94
2024/8/28 7:00:00,25.4,93
2024/8/28 8:00:00,25.1,94
2024/8/28 9:00:00,26.1,87
2024/8/28 10:00:00,26.5,78
2024/8/28 11:00:00,28.0,74
2024/8/28 12:00:00,28.8,68
2024/8/28 13:00:00,28.4,69
2024/8/28 14:00:00,28.4,71
2024/8/28 15:00:00,28.4,67
2024/8/28 16:00:00,28.3,65
2024/8/28 17:00:00,28.1,66
2024/8/28 18:00:00,27.3,68
2024/8/28 19:00:00,26.7,73
2024/8/28 20:00:00,27.1,72
2024/8/28 21:00:00,26.8,76
2024/8/28 22:00:00,26.9,77
2024/8/28 23:00:00,26.4,81
2024/8/29 00:00:00,26.3,80
2024/8/29 1:00:00,26.1,82
2024/8/29 2:00:00,25.7,82
2024/8/29 3:00:00,25.8,81
2024/8/29 4:00:00,25.7,82
2024/8/29 5:00:00,26.0,82
2024/8/29 6:00:00,25.6,87
2024/8/29 7:00:00,25.2,88
2024/8/29 8:00:00,24.4,93
2024/8/29 9:00:00,23.7,96
2024/8/29 10:00:00,23.4,96
2024/8/29 11:00:00,23.2,95
2024/8/29 12:00:00,24.0,93
2024/8/29 13:00:00,23.3,96
2024/8/29 14:00:00,23.3,97
2024/8/29 15:00:00,23.4,98
2024/8/29 16:00:00,23.7,96
2024/8/29 17:00:00,24.3,94
2024/8/29 18:00:00,23.8,98
2024/8/29 19:00:00,23.7,98
2024/8/29 20:00:00,24.0,97
2024/8/29 21:00:00,24.1,97
2024/8/29 22:00:00,23.9,98
2024/8/29 23:00:00,24.0,98
2024/8/30 00:00:00,24.0,99
2024/8/30 1:00:00,24.2,99
2024/8/30 2:00:00,24.5,97
2024/8/30 3:00:00,24.5,97
2024/8/30 4:00:00,24.8,97
2024/8/30 5:00:00,24.9,96
2024/8/30 6:00:00,25.0,94
2024/8/30 7:00:00,26.6,90
2024/8/30 8:00:00,27.9,86
2024/8/30 9:00:00,27.8,87
2024/8/30 10:00:00,28.1,87
2024/8/30 11:00:00,30.3,79
2024/8/30 12:00:00,29.1,85
2024/8/30 13:00:00,28.9,85
2024/8/30 14:00:00,31.5,77
2024/8/30 15:00:00,31.6,71
2024/8/30 16:00:00,30.0,75
2024/8/30 17:00:00,29.5,79
2024/8/30 18:00:00,27.4,93
2024/8/30 19:00:00,27.4,90
2024/8/30 20:00:00,27.4,88
2024/8/30 21:00:00,27.2,88
2024/8/30 22:00:00,26.3,94
2024/8/30 23:00:00,26.7,91
2024/8/31 00:00:00,26.7,91
2024/8/31 1:00:00,26.4,92
2024/8/31 2:00:00,26.7,90
2024/8/31 3:00:00,26.8,89
2024/8/31 4:00:00,27.1,87
2024/8/31 5:00:00,26.4,91
2024/8/31 6:00:00,26.1,93
2024/8/31 7:00:00,25.6,98
2024/8/31 8:00:00,25.7,97
2024/8/31 9:00:00,25.6,98
2024/8/31 10:00:00,25.9,98
2024/8/31 11:00:00,26.7,95
2024/8/31 12:00:00,25.0,90
2024/8/31 13:00:00,24.6,94
2024/8/31 14:00:00,24.1,97
2024/8/31 15:00:00,24.5,96
2024/8/31 16:00:00,24.8,91
2024/8/31 17:00:00,24.5,93
2024/8/31 18:00:00,25.0,89
2024/8/31 19:00:00,24.6,91
2024/8/31 20:00:00,24.2,92
2024/8/31 21:00:00,24.2,91
2024/8/31 22:00:00,24.3,91
2024/8/31 23:00:00,24.3,89
2024/9/1 00:00:00,23.7,93
2024/9/1 1:00:00,23.6,93
2024/9/1 2:00:00,23.8,92
2024/9/1 3:00:00,23.7,93
2024/9/1 4:00:00,23.9,90
2024/9/1 5:00:00,23.2,97
2024/9/1 6:00:00,22.9,97
2024/9/1 7:00:00,23.7,96
2024/9/1 8:00:00,24.5,93
2024/9/1 9:00:00,24.6,91
2024/9/1 10:00:00,26.3,80
2024/9/1 11:00:00,28.1,71
2024/9/1 12:00:00,29.9,66
2024/9/1 13:00:00,31.6,66
2024/9/1 14:00:00,32.3,65
2024/9/1 15:00:00,30.4,73
2024/9/1 16:00:00,28.0,87
2024/9/1 17:00:00,27.3,90
2024/9/1 18:00:00,27.1,91
2024/9/1 19:00:00,27.3,87
2024/9/1 20:00:00,26.3,93
2024/9/1 21:00:00,26.4,90
2024/9/1 22:00:00,26.5,90
2024/9/1 23:00:00,26.4,93
2024/9/2 00:00:00,26.3,97
2024/9/2 1:00:00,25.7,97
2024/9/2 2:00:00,26.5,96
2024/9/2 3:00:00,26.5,97
2024/9/2 4:00:00,26.3,97
2024/9/2 5:00:00,26.0,99
2024/9/2 6:00:00,26.0,98
2024/9/2 7:00:00,26.7,95
2024/9/2 8:00:00,28.2,91
2024/9/2 9:00:00,29.1,86
2024/9/2 10:00:00,29.9,77
2024/9/2 11:00:00,31.7,70
2024/9/2 12:00:00,32.3,65
2024/9/2 13:00:00,32.2,66
2024/9/2 14:00:00,32.5,63
2024/9/2 15:00:00,33.0,60
2024/9/2 16:00:00,31.8,63
2024/9/2 17:00:00,30.5,71
2024/9/2 18:00:00,29.2,76
2024/9/2 19:00:00,28.8,79
2024/9/2 20:00:00,28.9,79
2024/9/2 21:00:00,28.4,82
2024/9/2 22:00:00,28.1,85
2024/9/2 23:00:00,28.0,85
2024/9/3 00:00:00,26.8,89
2024/9/3 1:00:00,26.4,86
2024/9/3 2:00:00,26.2,87
2024/9/3 3:00:00,26.0,85
2024/9/3 4:00:00,25.4,89
2024/9/3 5:00:00,25.1,90
2024/9/3 6:00:00,24.9,89
2024/9/3 7:00:00,25.9,86
2024/9/3 8:00:00,28.1,73
2024/9/3 9:00:00,28.7,64
2024/9/3 10:00:00,28.9,62
2024/9/3 11:00:00,29.5,60
2024/9/3 12:00:00,30.7,58
2024/9/3 13:00:00,30.4,54
2024/9/3 14:00:00,30.1,54
2024/9/3 15:00:00,30.1,60
2024/9/3 16:00:00,29.2,61
2024/9/3 17:00:00,28.9,63
2024/9/3 18:00:00,28.9,63
2024/9/3 19:00:00,28.1,68
2024/9/3 20:00:00,27.6,75
2024/9/3 21:00:00,27.0,76
2024/9/3 22:00:00,26.5,79
2024/9/3 23:00:00,26.3,80
2024/9/4 00:00:00,26.0,84
2024/9/4 1:00:00,26.0,78
2024/9/4 2:00:00,25.4,81
2024/9/4 3:00:00,25.2,84
2024/9/4 4:00:00,24.5,88
2024/9/4 5:00:00,24.9,86
2024/9/4 6:00:00,24.3,88
2024/9/4 7:00:00,25.1,86
2024/9/4 8:00:00,26.5,78
2024/9/4 9:00:00,27.5,70
2024/9/4 10:00:00,28.9,63
2024/9/4 11:00:00,30.3,59
2024/9/4 12:00:00,32.6,56
2024/9/4 13:00:00,32.0,57
2024/9/4 14:00:00,31.2,53
2024/9/4 15:00:00,32.1,50
2024/9/4 16:00:00,31.9,50
2024/9/4 17:00:00,30.7,55
2024/9/4 18:00:00,30.0,59
2024/9/4 19:00:00,28.7,66
2024/9/4 20:00:00,27.6,74
2024/9/4 21:00:00,27.0,76
2024/9/4 22:00:00,26.7,78
2024/9/4 23:00:00,26.3,79
2024/9/5 00:00:00,25.8,82
2024/9/5 1:00:00,25.5,83
2024/9/5 2:00:00,25.6,83
2024/9/5 3:00:00,25.6,81
2024/9/5 4:00:00,25.4,84
2024/9/5 5:00:00,24.9,85
2024/9/5 6:00:00,24.7,87
2024/9/5 7:00:00,26.1,81
2024/9/5 8:00:00,27.5,73
2024/9/5 9:00:00,28.3,70
2024/9/5 10:00:00,30.2,61
2024/9/5 11:00:00,31.6,59
2024/9/5 12:00:00,31.4,54
2024/9/5 13:00:00,31.4,55
2024/9/5 14:00:00,32.0,52
2024/9/5 15:00:00,33.2,47
2024/9/5 16:00:00,33.6,46
2024/9/5 17:00:00,32.3,50
2024/9/5 18:00:00,30.8,59
2024/9/5 19:00:00,29.5,67
2024/9/5 20:00:00,28.2,78
2024/9/5 21:00:00,27.5,81
2024/9/5 22:00:00,27.1,83
2024/9/5 23:00:00,26.7,84
2024/9/6 00:00:00,26.3,84
2024/9/6 1:00:00,25.9,85
2024/9/6 2:00:00,26.7,81
2024/9/6 3:00:00,26.1,84
2024/9/6 4:00:00,25.5,87
2024/9/6 5:00:00,25.4,86
2024/9/6 6:00:00,25.3,85
2024/9/6 7:00:00,26.3,76
2024/9/6 8:00:00,27.1,74
2024/9/6 9:00:00,29.0,71
2024/9/6 10:00:00,30.9,59
2024/9/6 11:00:00,32.1,56
2024/9/6 12:00:00,31.8,51
2024/9/6 13:00:00,34.1,42
2024/9/6 14:00:00,33.7,44
2024/9/6 15:00:00,34.2,40
2024/9/6 16:00:00,33.8,39
2024/9/6 17:00:00,33.2,37
2024/9/6 18:00:00,32.2,45
2024/9/6 19:00:00,31.0,58
2024/9/6 20:00:00,30.3,64
2024/9/6 21:00:00,29.1,70
2024/9/6 22:00:00,28.0,76
2024/9/6 23:00:00,27.2,77
2024/9/7 00:00:00,26.9,75
2024/9/7 1:00:00,26.6,74
2024/9/7 2:00:00,26.6,74
2024/9/7 3:00:00,25.6,76
2024/9/7 4:00:00,25.9,77
2024/9/7 5:00:00,25.4,82
2024/9/7 6:00:00,25.4,79
2024/9/7 7:00:00,26.5,74
2024/9/7 8:00:00,28.0,69
2024/9/7 9:00:00,29.6,63
2024/9/7 10:00:00,31.0,57
2024/9/7 11:00:00,32.5,51
2024/9/7 12:00:00,34.1,40
2024/9/7 13:00:00,33.8,40
2024/9/7 14:00:00,34.3,42
2024/9/7 15:00:00,34.5,40
2024/9/7 16:00:00,34.4,44
2024/9/7 17:00:00,33.2,48
2024/9/7 18:00:00,32.1,55
2024/9/7 19:00:00,30.4,63
2024/9/7 20:00:00,29.4,68
2024/9/7 21:00:00,28.8,70
2024/9/7 22:00:00,28.5,67
2024/9/7 23:00:00,28.0,72
2024/9/8 00:00:00,27.7,73
2024/9/8 1:00:00,27.7,71
2024/9/8 2:00:00,27.5,70
2024/9/8 3:00:00,27.3,70
2024/9/8 4:00:00,26.7,73
2024/9/8 5:00:00,26.5,76
2024/9/8 6:00:00,26.3,77
2024/9/8 7:00:00,27.7,71
2024/9/8 8:00:00,28.5,67
2024/9/8 9:00:00,30.3,63
2024/9/8 10:00:00,31.0,60
2024/9/8 11:00:00,32.7,54
2024/9/8 12:00:00,33.3,49
2024/9/8 13:00:00,34.6,47
2024/9/8 14:00:00,35.3,45
2024/9/8 15:00:00,35.2,44
2024/9/8 16:00:00,33.7,51
2024/9/8 17:00:00,33.6,52
2024/9/8 18:00:00,31.8,61
2024/9/8 19:00:00,30.1,70
2024/9/8 20:00:00,29.2,74
2024/9/8 21:00:00,28.9,68
2024/9/8 22:00:00,28.5,73
2024/9/8 23:00:00,28.0,80
2024/9/9 00:00:00,27.8,81
2024/9/9 1:00:00,27.5,83
2024/9/9 2:00:00,27.6,80
2024/9/9 3:00:00,27.6,79
2024/9/9 4:00:00,27.1,80
2024/9/9 5:00:00,26.9,81
2024/9/9 6:00:00,27.0,78
2024/9/9 7:00:00,28.0,75
2024/9/9 8:00:00,29.0,73
2024/9/9 9:00:00,30.5,66
2024/9/9 10:00:00,31.3,59
2024/9/9 11:00:00,33.8,56
2024/9/9 12:00:00,34.6,51
2024/9/9 13:00:00,32.7,58
2024/9/9 14:00:00,33.4,55
2024/9/9 15:00:00,33.5,53
2024/9/9 16:00:00,32.5,58
2024/9/9 17:00:00,31.4,64
2024/9/9 18:00:00,30.1,71
2024/9/9 19:00:00,29.5,73
2024/9/9 20:00:00,29.1,72
2024/9/9 21:00:00,28.7,74
2024/9/9 22:00:00,28.5,75
2024/9/9 23:00:00,28.1,76
2024/9/10 00:00:00,28.1,73
2024/9/10 1:00:00,27.6,77
2024/9/10 2:00:00,27.5,77
2024/9/10 3:00:00,25.4,96
2024/9/10 4:00:00,25.8,90
2024/9/10 5:00:00,26.1,90
2024/9/10 6:00:00,26.0,90
2024/9/10 7:00:00,26.7,87
2024/9/10 8:00:00,27.9,82
2024/9/10 9:00:00,29.9,69
2024/9/10 10:00:00,31.1,65
2024/9/10 11:00:00,32.1,58
2024/9/10 12:00:00,32.6,57
2024/9/10 13:00:00,32.2,58
2024/9/10 14:00:00,31.7,62
2024/9/10 15:00:00,30.3,66
2024/9/10 16:00:00,30.1,71
2024/9/10 17:00:00,29.8,73
2024/9/10 18:00:00,29.6,73
2024/9/10 19:00:00,29.3,76
2024/9/10 20:00:00,28.7,80
2024/9/10 21:00:00,28.1,79
2024/9/10 22:00:00,28.1,79
2024/9/10 23:00:00,27.8,82
2024/9/11 00:00:00,27.3,86
2024/9/11 1:00:00,27.3,85
2024/9/11 2:00:00,27.1,86
2024/9/11 3:00:00,27.1,86
2024/9/11 4:00:00,26.6,89
2024/9/11 5:00:00,26.5,87
2024/9/11 6:00:00,26.6,89
2024/9/11 7:00:00,26.9,92
2024/9/11 8:00:00,28.0,82
2024/9/11 9:00:00,29.5,75
2024/9/11 10:00:00,31.4,70
2024/9/11 11:00:00,31.3,64
2024/9/11 12:00:00,32.6,61
2024/9/11 13:00:00,34.7,55
2024/9/11 14:00:00,33.5,56
2024/9/11 15:00:00,34.4,56
2024/9/11 16:00:00,33.8,57
2024/9/11 17:00:00,33.0,60
2024/9/11 18:00:00,31.0,73
2024/9/11 19:00:00,30.1,76
2024/9/11 20:00:00,29.4,77
2024/9/11 21:00:00,29.0,78
2024/9/11 22:00:00,28.7,81
2024/9/11 23:00:00,27.5,89
2024/9/12 00:00:00,27.8,86
2024/9/12 1:00:00,27.9,83
2024/9/12 2:00:00,28.0,80
2024/9/12 3:00:00,27.4,85
2024/9/12 4:00:00,27.1,86
2024/9/12 5:00:00,26.8,87
2024/9/12 6:00:00,26.9,86
2024/9/12 7:00:00,27.6,82
2024/9/12 8:00:00,28.6,76
2024/9/12 9:00:00,30.8,71
2024/9/12 10:00:00,31.7,63
2024/9/12 11:00:00,33.4,62
2024/9/12 12:00:00,33.9,57
2024/9/12 13:00:00,34.7,53
2024/9/12 14:00:00,34.1,57
2024/9/12 15:00:00,34.4,58
2024/9/12 16:00:00,33.5,60
2024/9/12 17:00:00,32.0,64
2024/9/12 18:00:00,30.4,73
2024/9/12 19:00:00,29.8,74
2024/9/12 20:00:00,29.6,72
2024/9/12 21:00:00,28.9,79
2024/9/12 22:00:00,28.7,81
2024/9/12 23:00:00,28.5,82
2024/9/13 00:00:00,28.5,81
2024/9/13 1:00:00,28.2,82
2024/9/13 2:00:00,27.7,83
2024/9/13 3:00:00,27.6,84
2024/9/13 4:00:00,27.3,84
2024/9/13 5:00:00,27.0,85
2024/9/13 6:00:00,27.1,85
2024/9/13 7:00:00,28.3,81
2024/9/13 8:00:00,29.0,78
2024/9/13 9:00:00,30.3,70
2024/9/13 10:00:00,31.9,64
2024/9/13 11:00:00,31.7,64
2024/9/13 12:00:00,32.0,64
2024/9/13 13:00:00,31.4,67
2024/9/13 14:00:00,32.4,63
2024/9/13 15:00:00,32.6,60
2024/9/13 16:00:00,32.5,55
2024/9/13 17:00:00,31.7,57
2024/9/13 18:00:00,30.6,62
2024/9/13 19:00:00,29.5,67
2024/9/13 20:00:00,28.7,76
2024/9/13 21:00:00,28.3,79
2024/9/13 22:00:00,27.9,81
2024/9/13 23:00:00,27.5,83
2024/9/14 00:00:00,27.1,83
2024/9/14 1:00:00,26.8,81
2024/9/14 2:00:00,26.7,80
2024/9/14 3:00:00,26.4,81
2024/9/14 4:00:00,26.3,80
2024/9/14 5:00:00,26.0,80
2024/9/14 6:00:00,26.1,78
2024/9/14 7:00:00,27.7,73
2024/9/14 8:00:00,28.4,73
2024/9/14 9:00:00,31.0,64
2024/9/14 10:00:00,31.5,60
2024/9/14 11:00:00,33.4,58
2024/9/14 12:00:00,33.5,55
2024/9/14 13:00:00,33.6,56
2024/9/14 14:00:00,33.9,52
2024/9/14 15:00:00,33.8,52
2024/9/14 16:00:00,32.1,59
2024/9/14 17:00:00,30.7,68
2024/9/14 18:00:00,29.9,74
2024/9/14 19:00:00,29.2,78
2024/9/14 20:00:00,28.9,80
2024/9/14 21:00:00,27.6,81
2024/9/14 22:00:00,26.2,93
2024/9/14 23:00:00,26.3,96
2024/9/15 00:00:00,26.4,96
2024/9/15 1:00:00,26.3,96
2024/9/15 2:00:00,26.2,95
2024/9/15 3:00:00,26.3,95
2024/9/15 4:00:00,26.4,93
2024/9/15 5:00:00,26.6,92
2024/9/15 6:00:00,26.6,93
2024/9/15 7:00:00,26.6,94
2024/9/15 8:00:00,26.7,93
2024/9/15 9:00:00,28.1,87
2024/9/15 10:00:00,28.9,83
2024/9/15 11:00:00,29.4,81
2024/9/15 12:00:00,30.5,75
2024/9/15 13:00:00,31.1,69
2024/9/15 14:00:00,31.3,68
2024/9/15 15:00:00,31.3,65
2024/9/15 16:00:00,31.1,66
2024/9/15 17:00:00,30.4,68
2024/9/15 18:00:00,29.7,76
2024/9/15 19:00:00,29.3,74
2024/9/15 20:00:00,28.9,78
2024/9/15 21:00:00,28.1,84
2024/9/15 22:00:00,27.8,85
2024/9/15 23:00:00,27.8,85
2024/9/16 00:00:00,27.8,85
2024/9/16 1:00:00,27.6,84
2024/9/16 2:00:00,26.3,93
2024/9/16 3:00:00,26.4,94
2024/9/16 4:00:00,26.7,92
2024/9/16 5:00:00,26.9,91
2024/9/16 6:00:00,26.7,89
2024/9/16 7:00:00,27.0,87
2024/9/16 8:00:00,27.9,83
2024/9/16 9:00:00,30.1,76
2024/9/16 10:00:00,31.2,68
2024/9/16 11:00:00,31.8,64
2024/9/16 12:00:00,33.4,59
2024/9/16 13:00:00,34.1,58
2024/9/16 14:00:00,32.0,67
2024/9/16 15:00:00,31.7,65
2024/9/16 16:00:00,31.7,65
2024/9/16 17:00:00,31.1,68
2024/9/16 18:00:00,30.0,68
2024/9/16 19:00:00,29.3,78
2024/9/16 20:00:00,28.8,82
2024/9/16 21:00:00,28.5,83
2024/9/16 22:00:00,28.3,84
2024/9/16 23:00:00,28.0,83
2024/9/17 00:00:00,28.0,81
2024/9/17 1:00:00,27.4,83
2024/9/17 2:00:00,27.2,81
2024/9/17 3:00:00,26.8,83
2024/9/17 4:00:00,26.6,84
2024/9/17 5:00:00,26.8,83
2024/9/17 6:00:00,26.8,82
2024/9/17 7:00:00,27.2,85
2024/9/17 8:00:00,27.6,78
2024/9/17 9:00:00,28.9,71
2024/9/17 10:00:00,30.3,64
2024/9/17 11:00:00,31.6,58
2024/9/17 12:00:00,31.9,58
2024/9/17 13:00:00,31.9,61
2024/9/17 14:00:00,33.7,56
2024/9/17 15:00:00,34.1,56
2024/9/17 16:00:00,33.2,56
2024/9/17 17:00:00,32.7,57
2024/9/17 18:00:00,31.5,59
2024/9/17 19:00:00,30.6,61
2024/9/17 20:00:00,29.1,74
2024/9/17 21:00:00,28.7,75
2024/9/17 22:00:00,28.1,81
2024/9/17 23:00:00,28.0,82
2024/9/18 00:00:00,28.0,81
2024/9/18 1:00:00,27.7,83
2024/9/18 2:00:00,27.5,84
2024/9/18 3:00:00,27.2,85
2024/9/18 4:00:00,27.0,86
2024/9/18 5:00:00,26.8,85
2024/9/18 6:00:00,27.1,83
2024/9/18 7:00:00,28.1,78
2024/9/18 8:00:00,29.3,74
2024/9/18 9:00:00,30.9,69
2024/9/18 10:00:00,32.0,65
2024/9/18 11:00:00,32.8,62
2024/9/18 12:00:00,33.5,59
2024/9/18 13:00:00,34.9,53
2024/9/18 14:00:00,34.4,55
2024/9/18 15:00:00,35.4,51
2024/9/18 16:00:00,34.8,54
2024/9/18 17:00:00,33.5,59
2024/9/18 18:00:00,32.7,65
2024/9/18 19:00:00,31.8,68
2024/9/18 20:00:00,31.4,70
2024/9/18 21:00:00,29.8,80
2024/9/18 22:00:00,29.5,80
2024/9/18 23:00:00,29.3,81
2024/9/19 00:00:00,29.1,81
2024/9/19 1:00:00,28.9,81
2024/9/19 2:00:00,29.1,80
2024/9/19 3:00:00,28.9,76
2024/9/19 4:00:00,29.0,77
2024/9/19 5:00:00,28.4,79
2024/9/19 6:00:00,28.1,84
2024/9/19 7:00:00,28.8,80
2024/9/19 8:00:00,30.0,74
2024/9/19 9:00:00,30.8,71
2024/9/19 10:00:00,32.8,63
2024/9/19 11:00:00,34.0,58
2024/9/19 12:00:00,34.2,56
2024/9/19 13:00:00,35.9,49
2024/9/19 14:00:00,35.3,49
2024/9/19 15:00:00,35.3,50
2024/9/19 16:00:00,32.6,62
2024/9/19 17:00:00,32.9,61
2024/9/19 18:00:00,32.8,60
2024/9/19 19:00:00,32.0,65
2024/9/19 20:00:00,31.2,70
2024/9/19 21:00:00,30.6,74
2024/9/19 22:00:00,30.3,75
2024/9/19 23:00:00,30.1,74
2024/9/20 00:00:00,29.0,79
2024/9/20 1:00:00,28.5,76
2024/9/20 2:00:00,28.7,75
2024/9/20 3:00:00,28.4,75
2024/9/20 4:00:00,27.6,76
2024/9/20 5:00:00,27.2,77
2024/9/20 6:00:00,26.9,80
2024/9/20 7:00:00,28.0,74
2024/9/20 8:00:00,29.6,65
2024/9/20 9:00:00,31.0,62
2024/9/20 10:00:00,33.3,56
2024/9/20 11:00:00,33.2,51
2024/9/20 12:00:00,36.0,46
2024/9/20 13:00:00,36.9,45
2024/9/20 14:00:00,37.1,40
2024/9/20 15:00:00,36.6,42
2024/9/20 16:00:00,35.9,45
2024/9/20 17:00:00,34.3,56
2024/9/20 18:00:00,32.4,60
2024/9/20 19:00:00,31.1,71
2024/9/20 20:00:00,30.4,77
2024/9/20 21:00:00,29.8,80
2024/9/20 22:00:00,29.3,81
2024/9/20 23:00:00,29.0,82
2024/9/21 00:00:00,28.7,81
2024/9/21 1:00:00,28.4,82
2024/9/21 2:00:00,27.9,83
2024/9/21 3:00:00,27.5,84
2024/9/21 4:00:00,27.2,86
2024/9/21 5:00:00,27.1,87
2024/9/21 6:00:00,27.2,84
2024/9/21 7:00:00,28.0,81
2024/9/21 8:00:00,29.3,74
2024/9/21 9:00:00,29.8,72
2024/9/21 10:00:00,30.8,67
2024/9/21 11:00:00,31.0,67
2024/9/21 12:00:00,31.2,65
2024/9/21 13:00:00,32.1,62
2024/9/21 14:00:00,32.1,61
2024/9/21 15:00:00,32.1,60
2024/9/21 16:00:00,31.7,56
2024/9/21 17:00:00,31.5,56
2024/9/21 18:00:00,31.2,56
2024/9/21 19:00:00,31.0,57
2024/9/21 20:00:00,30.7,60
2024/9/21 21:00:00,29.8,70
2024/9/21 22:00:00,29.0,76
2024/9/21 23:00:00,28.6,79
2024/9/22 00:00:00,28.1,80
2024/9/22 1:00:00,27.8,80
2024/9/22 2:00:00,27.0,87
2024/9/22 3:00:00,27.2,83
2024/9/22 4:00:00,27.4,85
2024/9/22 5:00:00,27.5,86
2024/9/22 6:00:00,27.0,92
2024/9/22 7:00:00,27.0,93
2024/9/22 8:00:00,27.5,90
2024/9/22 9:00:00,29.7,79
2024/9/22 10:00:00,29.6,70
2024/9/22 11:00:00,26.9,86
2024/9/22 12:00:00,26.8,87
2024/9/22 13:00:00,26.2,88
2024/9/22 14:00:00,26.8,86
2024/9/22 15:00:00,27.8,74
2024/9/22 16:00:00,27.9,73
2024/9/22 17:00:00,27.2,71
2024/9/22 18:00:00,26.3,70
2024/9/22 19:00:00,25.8,67
2024/9/22 20:00:00,25.2,68
2024/9/22 21:00:00,25.0,66
2024/9/22 22:00:00,24.8,64
2024/9/22 23:00:00,24.6,58
2024/9/23 00:00:00,23.6,59
2024/9/23 1:00:00,23.2,56
2024/9/23 2:00:00,23.0,56
2024/9/23 3:00:00,22.9,56
2024/9/23 4:00:00,22.5,57
2024/9/23 5:00:00,22.3,58
2024/9/23 6:00:00,21.6,60
2024/9/23 7:00:00,22.5,59
2024/9/23 8:00:00,24.3,55
2024/9/23 9:00:00,25.6,50
2024/9/23 10:00:00,26.8,48
2024/9/23 11:00:00,27.7,44
2024/9/23 12:00:00,28.8,43
2024/9/23 13:00:00,29.3,39
2024/9/23 14:00:00,29.8,39
2024/9/23 15:00:00,29.6,39
2024/9/23 16:00:00,29.0,43
2024/9/23 17:00:00,28.5,46
2024/9/23 18:00:00,26.9,57
2024/9/23 19:00:00,25.9,65
2024/9/23 20:00:00,25.2,73
2024/9/23 21:00:00,24.9,75
2024/9/23 22:00:00,24.6,73
2024/9/23 23:00:00,24.1,75
2024/9/24 00:00:00,24.3,69
2024/9/24 1:00:00,23.5,74
2024/9/24 2:00:00,23.4,76
2024/9/24 3:00:00,23.3,76
2024/9/24 4:00:00,22.6,80
2024/9/24 5:00:00,22.2,78
2024/9/24 6:00:00,22.3,76
2024/9/24 7:00:00,22.9,75
2024/9/24 8:00:00,23.9,71
2024/9/24 9:00:00,25.3,64
2024/9/24 10:00:00,25.5,64
2024/9/24 11:00:00,28.3,60
2024/9/24 12:00:00,26.6,66
2024/9/24 13:00:00,27.2,61
2024/9/24 14:00:00,27.2,58
2024/9/24 15:00:00,27.2,57
2024/9/24 16:00:00,27.0,56
2024/9/24 17:00:00,26.4,54
2024/9/24 18:00:00,25.7,53
2024/9/24 19:00:00,25.0,55
2024/9/24 20:00:00,24.3,54
2024/9/24 21:00:00,23.7,56
2024/9/24 22:00:00,23.3,57
2024/9/24 23:00:00,22.8,58
2024/9/25 00:00:00,22.5,58
2024/9/25 1:00:00,22.3,61
2024/9/25 2:00:00,21.8,66
2024/9/25 3:00:00,21.7,68
2024/9/25 4:00:00,21.8,69
2024/9/25 5:00:00,21.5,72
2024/9/25 6:00:00,21.6,72
2024/9/25 7:00:00,21.9,70
2024/9/25 8:00:00,23.0,65
2024/9/25 9:00:00,23.7,61
2024/9/25 10:00:00,25.7,53
2024/9/25 11:00:00,27.3,49
2024/9/25 12:00:00,26.9,50
2024/9/25 13:00:00,27.4,48
2024/9/25 14:00:00,28.9,47
2024/9/25 15:00:00,28.9,45
2024/9/25 16:00:00,29.1,46
2024/9/25 17:00:00,28.0,49
2024/9/25 18:00:00,27.5,52
2024/9/25 19:00:00,27.3,52
2024/9/25 20:00:00,27.3,51
2024/9/25 21:00:00,26.7,55
2024/9/25 22:00:00,26.1,61
2024/9/25 23:00:00,25.6,64
2024/9/26 00:00:00,25.2,70
2024/9/26 1:00:00,24.9,71
2024/9/26 2:00:00,24.4,73
2024/9/26 3:00:00,24.5,73
2024/9/26 4:00:00,24.2,72
2024/9/26 5:00:00,24.0,71
2024/9/26 6:00:00,24.0,72
2024/9/26 7:00:00,24.3,71
2024/9/26 8:00:00,24.8,72
2024/9/26 9:00:00,25.9,63
2024/9/26 10:00:00,27.6,57
2024/9/26 11:00:00,29.8,53
2024/9/26 12:00:00,31.8,46
2024/9/26 13:00:00,30.9,54
2024/9/26 14:00:00,31.2,53
2024/9/26 15:00:00,29.5,57
2024/9/26 16:00:00,29.5,58
2024/9/26 17:00:00,28.3,64
2024/9/26 18:00:00,27.7,69
2024/9/26 19:00:00,27.2,72
2024/9/26 20:00:00,26.8,75
2024/9/26 21:00:00,26.1,79
2024/9/26 22:00:00,24.9,88
2024/9/26 23:00:00,25.2,85
2024/9/27 00:00:00,25.2,83
2024/9/27 1:00:00,25.1,85
2024/9/27 2:00:00,25.0,87
2024/9/27 3:00:00,24.9,82
2024/9/27 4:00:00,24.0,91
2024/9/27 5:00:00,23.8,93
2024/9/27 6:00:00,23.5,97
2024/9/27 7:00:00,23.6,94
2024/9/27 8:00:00,24.3,91
2024/9/27 9:00:00,25.5,82
2024/9/27 10:00:00,26.0,80
2024/9/27 11:00:00,27.4,72
2024/9/27 12:00:00,28.4,67
2024/9/27 13:00:00,28.8,62
2024/9/27 14:00:00,30.0,62
2024/9/27 15:00:00,29.8,59
2024/9/27 16:00:00,29.1,65
2024/9/27 17:00:00,28.0,69
2024/9/27 18:00:00,27.1,73
2024/9/27 19:00:00,26.9,74
2024/9/27 20:00:00,26.5,78
2024/9/27 21:00:00,26.0,81
2024/9/27 22:00:00,26.0,83
2024/9/27 23:00:00,26.0,87
2024/9/28 00:00:00,25.7,86
2024/9/28 1:00:00,25.3,89
2024/9/28 2:00:00,25.2,88
2024/9/28 3:00:00,25.2,87
2024/9/28 4:00:00,25.5,82
2024/9/28 5:00:00,25.3,84
2024/9/28 6:00:00,25.0,88
2024/9/28 7:00:00,25.2,82
2024/9/28 8:00:00,25.2,78
2024/9/28 9:00:00,25.9,75
2024/9/28 10:00:00,26.7,67
2024/9/28 11:00:00,28.2,60
2024/9/28 12:00:00,28.0,58
2024/9/28 13:00:00,28.3,60
2024/9/28 14:00:00,28.5,60
2024/9/28 15:00:00,27.7,73
2024/9/28 16:00:00,25.9,80
2024/9/28 17:00:00,25.7,79
2024/9/28 18:00:00,25.2,82
2024/9/28 19:00:00,25.1,85
2024/9/28 20:00:00,24.1,96
2024/9/28 21:00:00,24.4,93
2024/9/28 22:00:00,24.6,91
2024/9/28 23:00:00,24.8,89
2024/9/29 00:00:00,23.1,99
2024/9/29 1:00:00,23.3,94
2024/9/29 2:00:00,23.3,97
2024/9/29 3:00:00,23.2,97
2024/9/29 4:00:00,22.2,98
2024/9/29 5:00:00,22.3,99
2024/9/29 6:00:00,22.2,98
2024/9/29 7:00:00,22.7,98
2024/9/29 8:00:00,23.8,93
2024/9/29 9:00:00,24.4,91
2024/9/29 10:00:00,24.4,87
2024/9/29 11:00:00,24.0,91
2024/9/29 12:00:00,25.0,83
2024/9/29 13:00:00,25.1,81
2024/9/29 14:00:00,25.2,78
2024/9/29 15:00:00,25.8,75
2024/9/29 16:00:00,25.5,77
2024/9/29 17:00:00,25.2,78
2024/9/29 18:00:00,25.0,78
2024/9/29 19:00:00,24.7,79
2024/9/29 20:00:00,24.6,80
2024/9/29 21:00:00,24.0,87
2024/9/29 22:00:00,23.3,90
2024/9/29 23:00:00,23.5,89
2024/9/30 00:00:00,23.3,90
2024/9/30 1:00:00,23.3,89
2024/9/30 2:00:00,22.8,92
2024/9/30 3:00:00,23.0,91
2024/9/30 4:00:00,23.0,91
2024/9/30 5:00:00,23.0,91
2024/9/30 6:00:00,22.8,92
2024/9/30 7:00:00,24.0,85
2024/9/30 8:00:00,24.4,77
2024/9/30 9:00:00,25.3,71
2024/9/30 10:00:00,27.2,63
2024/9/30 11:00:00,26.1,68
2024/9/30 12:00:00,28.9,59
2024/9/30 13:00:00,28.0,64
2024/9/30 14:00:00,29.3,58
2024/9/30 15:00:00,28.0,61
2024/9/30 16:00:00,27.6,63
2024/9/30 17:00:00,26.8,60
2024/9/30 18:00:00,26.1,61
2024/9/30 19:00:00,25.5,69
2024/9/30 20:00:00,24.8,73
2024/9/30 21:00:00,24.2,76
2024/9/30 22:00:00,23.9,77
2024/9/30 23:00:00,23.5,80
2024/10/1 00:00:00,23.6,80
2024/10/1 1:00:00,22.5,85
2024/10/1 2:00:00,22.5,85
2024/10/1 3:00:00,22.5,84
2024/10/1 4:00:00,21.8,87
2024/10/1 5:00:00,21.6,89
2024/10/1 6:00:00,21.7,90
2024/10/1 7:00:00,22.5,85
2024/10/1 8:00:00,23.9,79
2024/10/1 9:00:00,26.1,67
2024/10/1 10:00:00,27.8,60
2024/10/1 11:00:00,29.3,54
2024/10/1 12:00:00,31.2,48
2024/10/1 13:00:00,31.6,45
2024/10/1 14:00:00,31.8,45
2024/10/1 15:00:00,31.1,46
2024/10/1 16:00:00,30.5,48
2024/10/1 17:00:00,29.4,50
2024/10/1 18:00:00,28.1,55
2024/10/1 19:00:00,27.1,59
2024/10/1 20:00:00,26.6,59
2024/10/1 21:00:00,25.8,59
2024/10/1 22:00:00,25.0,60
2024/10/1 23:00:00,24.7,60
2024/10/2 00:00:00,24.2,62
2024/10/2 1:00:00,23.6,66
2024/10/2 2:00:00,23.3,66
2024/10/2 3:00:00,22.4,72
2024/10/2 4:00:00,21.8,78
2024/10/2 5:00:00,21.8,77
2024/10/2 6:00:00,21.2,82
2024/10/2 7:00:00,22.0,79
2024/10/2 8:00:00,23.3,74
2024/10/2 9:00:00,26.0,68
2024/10/2 10:00:00,27.8,59
2024/10/2 11:00:00,28.3,55
2024/10/2 12:00:00,29.9,51
2024/10/2 13:00:00,30.7,45
2024/10/2 14:00:00,30.4,45
2024/10/2 15:00:00,30.6,46
2024/10/2 16:00:00,30.7,43
2024/10/2 17:00:00,29.5,49
2024/10/2 18:00:00,28.6,56
2024/10/2 19:00:00,27.7,59
2024/10/2 20:00:00,27.5,60
2024/10/2 21:00:00,26.6,68
2024/10/2 22:00:00,26.4,66
2024/10/2 23:00:00,25.5,66
2024/10/3 00:00:00,24.9,69
2024/10/3 1:00:00,24.9,72
2024/10/3 2:00:00,24.7,73
2024/10/3 3:00:00,24.7,72
2024/10/3 4:00:00,24.6,74
2024/10/3 5:00:00,24.2,79
2024/10/3 6:00:00,24.4,76
2024/10/3 7:00:00,24.1,76
2024/10/3 8:00:00,25.8,67
2024/10/3 9:00:00,25.7,66
2024/10/3 10:00:00,25.4,75
2024/10/3 11:00:00,23.5,91
2024/10/3 12:00:00,23.3,92
2024/10/3 13:00:00,23.1,94
2024/10/3 14:00:00,22.8,97
2024/10/3 15:00:00,23.7,98
2024/10/3 16:00:00,25.0,95
2024/10/3 17:00:00,24.4,96
2024/10/3 18:00:00,23.7,96
2024/10/3 19:00:00,23.6,98
2024/10/3 20:00:00,23.8,98
2024/10/3 21:00:00,24.1,97
2024/10/3 22:00:00,24.6,97
2024/10/3 23:00:00,24.9,97
2024/10/4 00:00:00,24.9,97
2024/10/4 1:00:00,24.9,98
2024/10/4 2:00:00,24.8,98
2024/10/4 3:00:00,24.6,99
2024/10/4 4:00:00,24.5,99
2024/10/4 5:00:00,24.5,99
2024/10/4 6:00:00,24.0,98
2024/10/4 7:00:00,24.3,96
2024/10/4 8:00:00,25.0,95
2024/10/4 9:00:00,25.8,91
2024/10/4 10:00:00,26.1,89
2024/10/4 11:00:00,26.3,86
2024/10/4 12:00:00,25.6,90
2024/10/4 13:00:00,25.0,93
2024/10/4 14:00:00,22.6,93
2024/10/4 15:00:00,22.8,92
2024/10/4 16:00:00,22.9,90
2024/10/4 17:00:00,22.7,94
2024/10/4 18:00:00,22.6,92
2024/10/4 19:00:00,22.2,92
2024/10/4 20:00:00,21.4,95
2024/10/4 21:00:00,21.4,94
2024/10/4 22:00:00,21.3,89
2024/10/4 23:00:00,21.0,88
2024/10/5 00:00:00,20.8,86
2024/10/5 1:00:00,20.8,82
2024/10/5 2:00:00,20.8,82
2024/10/5 3:00:00,20.6,81
2024/10/5 4:00:00,20.5,81
2024/10/5 5:00:00,20.4,81
2024/10/5 6:00:00,19.9,84
2024/10/5 7:00:00,20.4,83
2024/10/5 8:00:00,22.3,71
2024/10/5 9:00:00,22.5,71
2024/10/5 10:00:00,22.8,68
2024/10/5 11:00:00,24.4,64
2024/10/5 12:00:00,25.4,62
2024/10/5 13:00:00,26.0,60
2024/10/5 14:00:00,27.1,56
2024/10/5 15:00:00,27.4,56
2024/10/5 16:00:00,27.5,55
2024/10/5 17:00:00,26.8,58
2024/10/5 18:00:00,26.1,58
2024/10/5 19:00:00,25.0,62
2024/10/5 20:00:00,24.3,64
2024/10/5 21:00:00,23.7,66
2024/10/5 22:00:00,23.5,68
2024/10/5 23:00:00,22.8,70
2024/10/6 00:00:00,21.7,80
2024/10/6 1:00:00,21.5,88
2024/10/6 2:00:00,21.6,89
2024/10/6 3:00:00,21.6,87
2024/10/6 4:00:00,20.2,95
2024/10/6 5:00:00,20.8,94
2024/10/6 6:00:00,20.7,95
2024/10/6 7:00:00,21.4,95
2024/10/6 8:00:00,21.9,92
2024/10/6 9:00:00,23.2,90
2024/10/6 10:00:00,24.2,85
2024/10/6 11:00:00,25.2,77
2024/10/6 12:00:00,26.4,76
2024/10/6 13:00:00,27.6,68
2024/10/6 14:00:00,27.8,67
2024/10/6 15:00:00,28.6,64
2024/10/6 16:00:00,28.3,63
2024/10/6 17:00:00,26.7,74
2024/10/6 18:00:00,25.7,79
2024/10/6 19:00:00,25.1,83
2024/10/6 20:00:00,24.8,84
2024/10/6 21:00:00,24.5,86
2024/10/6 22:00:00,24.6,87
2024/10/6 23:00:00,24.1,89
2024/10/7 00:00:00,23.5,92
2024/10/7 1:00:00,23.5,92
2024/10/7 2:00:00,23.5,92
2024/10/7 3:00:00,23.5,92
2024/10/7 4:00:00,23.6,91
2024/10/7 5:00:00,23.5,90
2024/10/7 6:00:00,23.7,88
2024/10/7 7:00:00,23.4,91
2024/10/7 8:00:00,23.0,95
2024/10/7 9:00:00,23.4,93
2024/10/7 10:00:00,25.7,87
2024/10/7 11:00:00,26.9,77
2024/10/7 12:00:00,28.4,72
2024/10/7 13:00:00,28.2,67
2024/10/7 14:00:00,27.9,70
2024/10/7 15:00:00,27.6,71
2024/10/7 16:00:00,27.3,73
2024/10/7 17:00:00,23.0,91
2024/10/7 18:00:00,23.0,94
2024/10/7 19:00:00,23.0,87
2024/10/7 20:00:00,22.2,89
2024/10/7 21:00:00,21.6,93
2024/10/7 22:00:00,21.2,94
2024/10/7 23:00:00,21.1,94
2024/10/8 00:00:00,21.2,94
2024/10/8 1:00:00,21.1,91
2024/10/8 2:00:00,20.9,92
2024/10/8 3:00:00,20.9,92
2024/10/8 4:00:00,20.3,96
2024/10/8 5:00:00,20.5,95
2024/10/8 6:00:00,20.3,95
2024/10/8 7:00:00,20.6,93
2024/10/8 8:00:00,21.6,87
2024/10/8 9:00:00,22.7,83
2024/10/8 10:00:00,23.2,80
2024/10/8 11:00:00,23.3,78
2024/10/8 12:00:00,23.2,80
2024/10/8 13:00:00,23.9,74
2024/10/8 14:00:00,23.7,68
2024/10/8 15:00:00,23.6,74
2024/10/8 16:00:00,23.2,73
2024/10/8 17:00:00,22.7,74
2024/10/8 18:00:00,22.2,72
2024/10/8 19:00:00,21.0,77
2024/10/8 20:00:00,20.1,84
2024/10/8 21:00:00,19.0,93
2024/10/8 22:00:00,18.6,95
2024/10/8 23:00:00,18.6,96
2024/10/9 00:00:00,18.2,95
2024/10/9 1:00:00,17.6,98
2024/10/9 2:00:00,17.0,97
2024/10/9 3:00:00,16.9,98
2024/10/9 4:00:00,16.6,97
2024/10/9 5:00:00,16.6,97
2024/10/9 6:00:00,16.4,97
2024/10/9 7:00:00,16.6,97
2024/10/9 8:00:00,17.0,94
2024/10/9 9:00:00,17.2,92
2024/10/9 10:00:00,17.6,94
2024/10/9 11:00:00,18.9,85
2024/10/9 12:00:00,20.5,73
2024/10/9 13:00:00,22.2,66
2024/10/9 14:00:00,23.2,61
2024/10/9 15:00:00,23.9,59
2024/10/9 16:00:00,24.0,61
2024/10/9 17:00:00,23.3,64
2024/10/9 18:00:00,22.4,61
2024/10/9 19:00:00,21.7,62
2024/10/9 20:00:00,20.9,64
2024/10/9 21:00:00,20.3,66
2024/10/9 22:00:00,20.0,68
2024/10/9 23:00:00,19.5,70
2024/10/10 00:00:00,19.1,73
2024/10/10 1:00:00,18.3,78
2024/10/10 2:00:00,17.9,76
2024/10/10 3:00:00,17.6,75
2024/10/10 4:00:00,17.5,75
2024/10/10 5:00:00,17.3,75
2024/10/10 6:00:00,16.8,75
2024/10/10 7:00:00,17.5,72
2024/10/10 8:00:00,18.2,67
2024/10/10 9:00:00,20.3,62
2024/10/10 10:00:00,21.3,55
2024/10/10 11:00:00,23.0,52
2024/10/10 12:00:00,24.1,48
2024/10/10 13:00:00,24.4,48
2024/10/10 14:00:00,26.3,46
2024/10/10 15:00:00,25.8,45
2024/10/10 16:00:00,24.2,49
2024/10/10 17:00:00,24.3,50
2024/10/10 18:00:00,22.8,53
2024/10/10 19:00:00,21.4,57
2024/10/10 20:00:00,20.7,60
2024/10/10 21:00:00,19.9,63
2024/10/10 22:00:00,19.6,63
2024/10/10 23:00:00,18.9,66
2024/10/11 00:00:00,18.6,66
2024/10/11 1:00:00,18.3,69
2024/10/11 2:00:00,17.6,79
2024/10/11 3:00:00,17.1,81
2024/10/11 4:00:00,16.6,83
2024/10/11 5:00:00,16.2,85
2024/10/11 6:00:00,16.0,86
2024/10/11 7:00:00,16.6,81
2024/10/11 8:00:00,17.3,79
2024/10/11 9:00:00,19.6,66
2024/10/11 10:00:00,21.4,58
2024/10/11 11:00:00,23.4,51
2024/10/11 12:00:00,24.7,48
2024/10/11 13:00:00,25.4,49
2024/10/11 14:00:00,26.0,46
2024/10/11 15:00:00,24.7,43
2024/10/11 16:00:00,24.2,46
2024/10/11 17:00:00,22.8,51
2024/10/11 18:00:00,21.7,54
2024/10/11 19:00:00,20.9,55
2024/10/11 20:00:00,20.0,60
2024/10/11 21:00:00,19.6,62
2024/10/11 22:00:00,18.7,66
2024/10/11 23:00:00,18.2,70
2024/10/12 00:00:00,17.5,73
2024/10/12 1:00:00,17.3,79
2024/10/12 2:00:00,16.8,80
2024/10/12 3:00:00,16.4,83
2024/10/12 4:00:00,16.4,84
2024/10/12 5:00:00,16.1,86
2024/10/12 6:00:00,15.9,87
2024/10/12 7:00:00,16.8,82
2024/10/12 8:00:00,18.6,72
2024/10/12 9:00:00,20.4,66
2024/10/12 10:00:00,22.8,59
2024/10/12 11:00:00,24.3,52
2024/10/12 12:00:00,25.6,51
2024/10/12 13:00:00,25.9,43
2024/10/12 14:00:00,27.2,40
2024/10/12 15:00:00,26.4,37
2024/10/12 16:00:00,26.1,37
2024/10/12 17:00:00,25.3,40
2024/10/12 18:00:00,24.2,48
2024/10/12 19:00:00,23.3,54
2024/10/12 20:00:00,21.8,64
2024/10/12 21:00:00,20.9,71
2024/10/12 22:00:00,19.8,77
2024/10/12 23:00:00,20.2,75
2024/10/13 00:00:00,19.0,81
2024/10/13 1:00:00,18.8,76
2024/10/13 2:00:00,18.0,82
2024/10/13 3:00:00,17.5,83
2024/10/13 4:00:00,17.2,80
2024/10/13 5:00:00,17.0,82
2024/10/13 6:00:00,16.8,83
2024/10/13 7:00:00,17.5,76
2024/10/13 8:00:00,19.3,66
2024/10/13 9:00:00,21.2,60
2024/10/13 10:00:00,23.1,53
2024/10/13 11:00:00,25.4,49
2024/10/13 12:00:00,26.1,43
2024/10/13 13:00:00,26.8,41
2024/10/13 14:00:00,28.3,39
2024/10/13 15:00:00,27.5,41
2024/10/13 16:00:00,26.3,40
2024/10/13 17:00:00,25.2,43
2024/10/13 18:00:00,24.2,52
2024/10/13 19:00:00,23.3,57
2024/10/13 20:00:00,22.4,63
2024/10/13 21:00:00,21.7,68
2024/10/13 22:00:00,21.3,71
2024/10/13 23:00:00,21.4,69
2024/10/14 00:00:00,20.3,75
2024/10/14 1:00:00,19.7,77
2024/10/14 2:00:00,19.2,80
2024/10/14 3:00:00,19.2,79
2024/10/14 4:00:00,18.1,81
2024/10/14 5:00:00,18.2,80
2024/10/14 6:00:00,17.4,84
2024/10/14 7:00:00,18.4,76
2024/10/14 8:00:00,19.8,68
2024/10/14 9:00:00,21.1,61
2024/10/14 10:00:00,24.4,54
2024/10/14 11:00:00,25.2,50
2024/10/14 12:00:00,26.7,49
2024/10/14 13:00:00,26.5,47
2024/10/14 14:00:00,26.4,50
2024/10/14 15:00:00,26.0,51
2024/10/14 16:00:00,25.2,48
2024/10/14 17:00:00,24.4,53
2024/10/14 18:00:00,23.9,56
2024/10/14 19:00:00,23.2,62
2024/10/14 20:00:00,21.9,69
2024/10/14 21:00:00,21.3,71
2024/10/14 22:00:00,20.5,73
2024/10/14 23:00:00,19.7,76
2024/10/15 00:00:00,19.5,73
2024/10/15 1:00:00,19.4,72
2024/10/15 2:00:00,19.2,72
2024/10/15 3:00:00,19.3,72
2024/10/15 4:00:00,19.6,70
2024/10/15 5:00:00,19.6,71
2024/10/15 6:00:00,19.6,70
2024/10/15 7:00:00,19.8,71
2024/10/15 8:00:00,20.4,69
2024/10/15 9:00:00,20.6,67
2024/10/15 10:00:00,21.8,64
2024/10/15 11:00:00,22.7,61
2024/10/15 12:00:00,23.2,60
2024/10/15 13:00:00,24.8,56
2024/10/15 14:00:00,24.7,57
2024/10/15 15:00:00,24.0,64
2024/10/15 16:00:00,23.1,66
2024/10/15 17:00:00,22.6,69
2024/10/15 18:00:00,22.4,68
2024/10/15 19:00:00,22.2,69
2024/10/15 20:00:00,22.2,70
2024/10/15 21:00:00,22.4,69
2024/10/15 22:00:00,20.4,88
2024/10/15 23:00:00,20.1,93
2024/10/16 00:00:00,20.3,90
2024/10/16 1:00:00,20.7,89
2024/10/16 2:00:00,20.5,91
2024/10/16 3:00:00,20.2,94
2024/10/16 4:00:00,20.3,93
2024/10/16 5:00:00,20.4,92
2024/10/16 6:00:00,20.4,90
2024/10/16 7:00:00,20.8,87
2024/10/16 8:00:00,21.2,83
2024/10/16 9:00:00,21.4,88
2024/10/16 10:00:00,22.5,79
2024/10/16 11:00:00,23.3,75
2024/10/16 12:00:00,24.5,70
2024/10/16 13:00:00,26.5,61
2024/10/16 14:00:00,26.8,61
2024/10/16 15:00:00,26.7,62
2024/10/16 16:00:00,26.1,64
2024/10/16 17:00:00,25.5,67
2024/10/16 18:00:00,25.0,69
2024/10/16 19:00:00,24.1,73
2024/10/16 20:00:00,23.7,77
2024/10/16 21:00:00,23.0,79
2024/10/16 22:00:00,22.5,81
2024/10/16 23:00:00,21.8,84
2024/10/17 00:00:00,21.5,88
2024/10/17 1:00:00,21.0,91
2024/10/17 2:00:00,20.8,92
2024/10/17 3:00:00,20.2,94
2024/10/17 4:00:00,20.2,92
2024/10/17 5:00:00,20.0,90
2024/10/17 6:00:00,19.9,87
2024/10/17 7:00:00,20.4,85
2024/10/17 8:00:00,22.2,75
2024/10/17 9:00:00,23.8,64
2024/10/17 10:00:00,25.3,59
2024/10/17 11:00:00,27.0,56
2024/10/17 12:00:00,28.2,51
2024/10/17 13:00:00,29.3,47
2024/10/17 14:00:00,29.8,47
2024/10/17 15:00:00,29.1,48
2024/10/17 16:00:00,27.7,58
2024/10/17 17:00:00,26.2,67
2024/10/17 18:00:00,25.2,72
2024/10/17 19:00:00,24.5,78
2024/10/17 20:00:00,24.2,81
2024/10/17 21:00:00,24.3,81
2024/10/17 22:00:00,24.2,83
2024/10/17 23:00:00,24.0,84
2024/10/18 00:00:00,23.6,86
2024/10/18 1:00:00,23.8,83
2024/10/18 2:00:00,23.4,85
2024/10/18 3:00:00,23.1,85
2024/10/18 4:00:00,22.8,84
2024/10/18 5:00:00,22.1,88
2024/10/18 6:00:00,22.5,88
2024/10/18 7:00:00,23.0,80
2024/10/18 8:00:00,23.5,78
2024/10/18 9:00:00,24.0,76
2024/10/18 10:00:00,25.2,74
2024/10/18 11:00:00,26.2,68
2024/10/18 12:00:00,26.1,65
2024/10/18 13:00:00,26.6,65
2024/10/18 14:00:00,26.8,65
2024/10/18 15:00:00,27.4,61
2024/10/18 16:00:00,26.8,64
2024/10/18 17:00:00,26.5,66
2024/10/18 18:00:00,26.0,69
2024/10/18 19:00:00,22.9,93
2024/10/18 20:00:00,23.1,93
2024/10/18 21:00:00,23.1,90
2024/10/18 22:00:00,23.0,91
2024/10/18 23:00:00,23.2,89
2024/10/19 00:00:00,23.2,88
2024/10/19 1:00:00,23.2,88
2024/10/19 2:00:00,23.2,88
2024/10/19 3:00:00,22.8,91
2024/10/19 4:00:00,22.7,91
2024/10/19 5:00:00,22.1,95
2024/10/19 6:00:00,22.4,94
2024/10/19 7:00:00,23.0,92
2024/10/19 8:00:00,23.7,88
2024/10/19 9:00:00,24.4,84
2024/10/19 10:00:00,26.2,78
2024/10/19 11:00:00,27.2,72
2024/10/19 12:00:00,26.5,74
2024/10/19 13:00:00,24.6,90
2024/10/19 14:00:00,24.8,91
2024/10/19 15:00:00,24.8,91
2024/10/19 16:00:00,24.6,91
2024/10/19 17:00:00,23.9,93
2024/10/19 18:00:00,22.9,92
2024/10/19 19:00:00,21.6,96
2024/10/19 20:00:00,21.8,96
2024/10/19 21:00:00,21.5,90
2024/10/19 22:00:00,21.4,79
2024/10/19 23:00:00,20.6,80
2024/10/20 00:00:00,19.4,79
2024/10/20 1:00:00,19.2,75
2024/10/20 2:00:00,18.5,75
2024/10/20 3:00:00,18.2,70
2024/10/20 4:00:00,17.7,70
2024/10/20 5:00:00,17.6,65
2024/10/20 6:00:00,17.4,66
2024/10/20 7:00:00,17.5,60
2024/10/20 8:00:00,17.5,50
2024/10/20 9:00:00,18.4,48
2024/10/20 10:00:00,19.7,45
2024/10/20 11:00:00,21.0,43
2024/10/20 12:00:00,20.9,44
2024/10/20 13:00:00,21.7,44
2024/10/20 14:00:00,21.8,40
2024/10/20 15:00:00,22.1,39
2024/10/20 16:00:00,21.5,45
2024/10/20 17:00:00,21.3,43
2024/10/20 18:00:00,19.4,59
2024/10/20 19:00:00,18.3,78
2024/10/20 20:00:00,17.7,79
2024/10/20 21:00:00,17.4,77
2024/10/20 22:00:00,16.8,78
2024/10/20 23:00:00,16.7,77
2024/10/21 00:00:00,16.0,74
2024/10/21 1:00:00,15.5,84
2024/10/21 2:00:00,15.5,76
2024/10/21 3:00:00,14.5,81
2024/10/21 4:00:00,14.5,83
2024/10/21 5:00:00,13.6,88
2024/10/21 6:00:00,13.8,86
2024/10/21 7:00:00,14.2,87
2024/10/21 8:00:00,15.8,75
2024/10/21 9:00:00,17.6,65
2024/10/21 10:00:00,18.6,54
2024/10/21 11:00:00,20.8,52
2024/10/21 12:00:00,21.9,41
2024/10/21 13:00:00,24.0,33
2024/10/21 14:00:00,23.9,30
2024/10/21 15:00:00,23.9,34
2024/10/21 16:00:00,22.9,38
2024/10/21 17:00:00,22.0,44
2024/10/21 18:00:00,21.1,48
2024/10/21 19:00:00,20.0,52
2024/10/21 20:00:00,18.9,56
2024/10/21 21:00:00,18.5,56
2024/10/21 22:00:00,18.4,53
2024/10/21 23:00:00,17.4,63
2024/10/22 00:00:00,16.5,69
2024/10/22 1:00:00,15.7,74
2024/10/22 2:00:00,14.9,76
2024/10/22 3:00:00,15.0,79
2024/10/22 4:00:00,14.5,80
2024/10/22 5:00:00,14.3,79
2024/10/22 6:00:00,14.2,80
2024/10/22 7:00:00,15.2,75
2024/10/22 8:00:00,16.7,67
2024/10/22 9:00:00,18.5,61
2024/10/22 10:00:00,21.0,51
2024/10/22 11:00:00,22.5,47
2024/10/22 12:00:00,24.2,46
2024/10/22 13:00:00,23.7,44
2024/10/22 14:00:00,24.1,47
2024/10/22 15:00:00,23.4,51
2024/10/22 16:00:00,22.7,52
2024/10/22 17:00:00,22.3,53
2024/10/22 18:00:00,22.2,54
2024/10/22 19:00:00,21.6,58
2024/10/22 20:00:00,21.5,59
2024/10/22 21:00:00,21.1,65
2024/10/22 22:00:00,21.3,70
2024/10/22 23:00:00,21.4,66
2024/10/23 00:00:00,20.0,78
2024/10/23 1:00:00,19.4,85
2024/10/23 2:00:00,19.5,87
2024/10/23 3:00:00,18.2,98
2024/10/23 4:00:00,18.5,99
2024/10/23 5:00:00,18.6,100
2024/10/23 6:00:00,19.0,100
2024/10/23 7:00:00,21.0,99
2024/10/23 8:00:00,21.8,97
2024/10/23 9:00:00,22.9,93
2024/10/23 10:00:00,24.6,88
2024/10/23 11:00:00,25.0,86
2024/10/23 12:00:00,24.6,95
2024/10/23 13:00:00,25.0,95
2024/10/23 14:00:00,25.3,91
2024/10/23 15:00:00,25.7,91
2024/10/23 16:00:00,25.4,90
2024/10/23 17:00:00,24.6,90
2024/10/23 18:00:00,24.4,93
2024/10/23 19:00:00,24.2,92
2024/10/23 20:00:00,23.3,96
2024/10/23 21:00:00,23.2,96
2024/10/23 22:00:00,22.4,85
2024/10/23 23:00:00,21.5,79
2024/10/24 00:00:00,20.7,73
2024/10/24 1:00:00,20.1,76
2024/10/24 2:00:00,19.7,76
2024/10/24 3:00:00,19.1,81
2024/10/24 4:00:00,19.1,80
2024/10/24 5:00:00,18.2,84
2024/10/24 6:00:00,17.7,82
2024/10/24 7:00:00,18.1,80
2024/10/24 8:00:00,19.5,76
2024/10/24 9:00:00,21.6,64
2024/10/24 10:00:00,21.5,63
2024/10/24 11:00:00,21.9,62
2024/10/24 12:00:00,22.9,59
2024/10/24 13:00:00,23.8,56
2024/10/24 14:00:00,23.6,54
2024/10/24 15:00:00,23.4,55
2024/10/24 16:00:00,23.3,57
2024/10/24 17:00:00,22.6,57
2024/10/24 18:00:00,22.2,61
2024/10/24 19:00:00,21.2,59
2024/10/24 20:00:00,20.5,67
2024/10/24 21:00:00,20.3,70
2024/10/24 22:00:00,20.2,70
2024/10/24 23:00:00,20.2,67
2024/10/25 00:00:00,19.7,71
2024/10/25 1:00:00,19.5,73
2024/10/25 2:00:00,19.1,76
2024/10/25 3:00:00,18.7,79
2024/10/25 4:00:00,18.7,78
2024/10/25 5:00:00,18.3,77
2024/10/25 6:00:00,17.7,79
2024/10/25 7:00:00,17.9,78
2024/10/25 8:00:00,18.5,73
2024/10/25 9:00:00,18.7,72
2024/10/25 10:00:00,21.0,65
2024/10/25 11:00:00,22.9,56
2024/10/25 12:00:00,23.9,51
2024/10/25 13:00:00,25.5,50
2024/10/25 14:00:00,25.2,54
2024/10/25 15:00:00,25.2,58
2024/10/25 16:00:00,24.8,59
2024/10/25 17:00:00,23.8,54
2024/10/25 18:00:00,22.8,55
2024/10/25 19:00:00,21.7,61
2024/10/25 20:00:00,21.2,65
2024/10/25 21:00:00,20.8,69
2024/10/25 22:00:00,19.7,76
2024/10/25 23:00:00,19.7,78
2024/10/26 00:00:00,19.8,77
2024/10/26 1:00:00,19.3,81
2024/10/26 2:00:00,19.4,81
2024/10/26 3:00:00,19.2,85
2024/10/26 4:00:00,18.7,88
2024/10/26 5:00:00,18.9,88
2024/10/26 6:00:00,18.8,89
2024/10/26 7:00:00,18.7,88
2024/10/26 8:00:00,19.4,86
2024/10/26 9:00:00,20.0,83
2024/10/26 10:00:00,20.7,79
2024/10/26 11:00:00,21.7,74
2024/10/26 12:00:00,22.3,70
2024/10/26 13:00:00,22.6,69
2024/10/26 14:00:00,22.6,72
2024/10/26 15:00:00,22.5,72
2024/10/26 16:00:00,22.6,69
2024/10/26 17:00:00,21.8,77
2024/10/26 18:00:00,20.6,84
2024/10/26 19:00:00,20.3,86
2024/10/26 20:00:00,19.7,89
2024/10/26 21:00:00,20.0,89
2024/10/26 22:00:00,19.8,90
2024/10/26 23:00:00,19.1,95
2024/10/27 00:00:00,18.9,92
2024/10/27 1:00:00,18.6,93
2024/10/27 2:00:00,17.8,94
2024/10/27 3:00:00,18.0,90
2024/10/27 4:00:00,18.0,82
2024/10/27 5:00:00,17.5,85
2024/10/27 6:00:00,17.5,86
2024/10/27 7:00:00,18.0,88
2024/10/27 8:00:00,18.7,78
2024/10/27 9:00:00,20.0,74
2024/10/27 10:00:00,21.5,76
2024/10/27 11:00:00,23.1,66
2024/10/27 12:00:00,23.0,70
2024/10/27 13:00:00,23.1,69
2024/10/27 14:00:00,23.3,70
2024/10/27 15:00:00,23.2,72
2024/10/27 16:00:00,23.1,72
2024/10/27 17:00:00,22.6,72
2024/10/27 18:00:00,22.4,72
2024/10/27 19:00:00,22.0,73
2024/10/27 20:00:00,21.7,76
2024/10/27 21:00:00,21.4,79
2024/10/27 22:00:00,20.9,84
2024/10/27 23:00:00,20.4,91
2024/10/28 00:00:00,20.4,92
2024/10/28 1:00:00,19.7,96
2024/10/28 2:00:00,19.5,99
2024/10/28 3:00:00,19.1,99
2024/10/28 4:00:00,19.3,99
2024/10/28 5:00:00,18.2,97
2024/10/28 6:00:00,17.5,96
2024/10/28 7:00:00,17.3,97
2024/10/28 8:00:00,18.0,92
2024/10/28 9:00:00,18.8,88
2024/10/28 10:00:00,19.3,82
2024/10/28 11:00:00,20.2,77
2024/10/28 12:00:00,22.0,63
2024/10/28 13:00:00,22.8,58
2024/10/28 14:00:00,23.0,56
2024/10/28 15:00:00,22.3,59
2024/10/28 16:00:00,21.6,61
2024/10/28 17:00:00,21.1,64
2024/10/28 18:00:00,20.5,66
2024/10/28 19:00:00,20.2,67
2024/10/28 20:00:00,19.9,66
2024/10/28 21:00:00,19.8,65
2024/10/28 22:00:00,19.4,65
2024/10/28 23:00:00,19.1,65
2024/10/29 00:00:00,18.8,69
2024/10/29 1:00:00,18.5,71
2024/10/29 2:00:00,18.1,73
2024/10/29 3:00:00,18.0,72
2024/10/29 4:00:00,17.9,71
2024/10/29 5:00:00,17.7,72
2024/10/29 6:00:00,17.5,73
2024/10/29 7:00:00,17.6,72
2024/10/29 8:00:00,17.3,76
2024/10/29 9:00:00,17.4,79
2024/10/29 10:00:00,17.8,76
2024/10/29 11:00:00,17.4,84
2024/10/29 12:00:00,17.3,87
2024/10/29 13:00:00,16.7,96
2024/10/29 14:00:00,16.3,98
2024/10/29 15:00:00,16.3,98
2024/10/29 16:00:00,16.1,98
2024/10/29 17:00:00,16.2,99
2024/10/29 18:00:00,16.1,100
2024/10/29 19:00:00,16.1,100
2024/10/29 20:00:00,16.3,100
2024/10/29 21:00:00,16.3,100
2024/10/29 22:00:00,16.4,100
2024/10/29 23:00:00,16.4,100
2024/10/30 00:00:00,16.6,100
2024/10/30 1:00:00,16.6,100
2024/10/30 2:00:00,16.6,100
2024/10/30 3:00:00,16.7,100
2024/10/30 4:00:00,16.8,100
2024/10/30 5:00:00,16.8,100
2024/10/30 6:00:00,16.8,100
2024/10/30 7:00:00,17.0,100
2024/10/30 8:00:00,17.9,95
2024/10/30 9:00:00,19.4,83
2024/10/30 10:00:00,21.1,64
2024/10/30 11:00:00,23.2,56
2024/10/30 12:00:00,21.4,58
2024/10/30 13:00:00,23.3,46
2024/10/30 14:00:00,22.9,44
2024/10/30 15:00:00,21.2,43
2024/10/30 16:00:00,20.6,43
2024/10/30 17:00:00,19.7,49
2024/10/30 18:00:00,19.0,50
2024/10/30 19:00:00,18.3,53
2024/10/30 20:00:00,17.9,54
2024/10/30 21:00:00,17.4,57
2024/10/30 22:00:00,16.1,63
2024/10/30 23:00:00,15.4,67
2024/10/31 00:00:00,15.2,68
2024/10/31 1:00:00,14.9,68
2024/10/31 2:00:00,14.4,69
2024/10/31 3:00:00,14.2,69
2024/10/31 4:00:00,14.3,67
2024/10/31 5:00:00,13.8,71
2024/10/31 6:00:00,13.6,70
2024/10/31 7:00:00,13.8,70
2024/10/31 8:00:00,15.5,62
2024/10/31 9:00:00,17.2,54
2024/10/31 10:00:00,19.2,50
2024/10/31 11:00:00,19.2,47
2024/10/31 12:00:00,20.1,45
2024/10/31 13:00:00,21.7,42
2024/10/31 14:00:00,22.0,45
2024/10/31 15:00:00,21.7,47
2024/10/31 16:00:00,21.5,53
2024/10/31 17:00:00,20.7,52
2024/10/31 18:00:00,20.1,61
2024/10/31 19:00:00,19.5,64
2024/10/31 20:00:00,19.5,66
2024/10/31 21:00:00,18.7,72
2024/10/31 22:00:00,19.1,75
2024/10/31 23:00:00,18.4,79
2024/11/1 00:00:00,18.2,81
2024/11/1 1:00:00,17.5,83
2024/11/1 2:00:00,16.9,85
2024/11/1 3:00:00,17.2,84
2024/11/1 4:00:00,17.6,83
2024/11/1 5:00:00,17.5,84
2024/11/1 6:00:00,17.7,82
2024/11/1 7:00:00,18.0,81
2024/11/1 8:00:00,18.6,74
2024/11/1 9:00:00,19.8,72
2024/11/1 10:00:00,21.3,65
2024/11/1 11:00:00,21.3,65
2024/11/1 12:00:00,21.5,65
2024/11/1 13:00:00,21.5,67
2024/11/1 14:00:00,20.8,73
2024/11/1 15:00:00,20.7,80
2024/11/1 16:00:00,20.5,81
2024/11/1 17:00:00,19.2,89
2024/11/1 18:00:00,19.1,95
2024/11/1 19:00:00,19.1,96
2024/11/1 20:00:00,18.8,97
2024/11/1 21:00:00,18.7,98
2024/11/1 22:00:00,18.5,99
2024/11/1 23:00:00,18.3,97
2024/11/2 00:00:00,18.3,99
2024/11/2 1:00:00,18.0,99
2024/11/2 2:00:00,17.5,99
2024/11/2 3:00:00,17.4,100
2024/11/2 4:00:00,17.4,99
2024/11/2 5:00:00,17.4,100
2024/11/2 6:00:00,17.4,100
2024/11/2 7:00:00,17.3,100
2024/11/2 8:00:00,17.3,100
2024/11/2 9:00:00,17.6,100
2024/11/2 10:00:00,18.1,100
2024/11/2 11:00:00,18.6,100
2024/11/2 12:00:00,18.9,99
2024/11/2 13:00:00,19.2,100
2024/11/2 14:00:00,19.9,100
2024/11/2 15:00:00,20.5,100
2024/11/2 16:00:00,19.4,100
2024/11/2 17:00:00,20.0,99
2024/11/2 18:00:00,19.8,93
2024/11/2 19:00:00,19.2,95
2024/11/2 20:00:00,18.9,90
2024/11/2 21:00:00,18.1,91
2024/11/2 22:00:00,18.4,88
2024/11/2 23:00:00,17.8,87
2024/11/3 00:00:00,17.5,87
2024/11/3 1:00:00,17.3,82
2024/11/3 2:00:00,17.2,81
2024/11/3 3:00:00,17.0,77
2024/11/3 4:00:00,16.8,75
2024/11/3 5:00:00,16.1,79
2024/11/3 6:00:00,15.4,80
2024/11/3 7:00:00,15.8,75
2024/11/3 8:00:00,16.9,68
2024/11/3 9:00:00,18.8,60
2024/11/3 10:00:00,20.8,41
2024/11/3 11:00:00,22.2,47
2024/11/3 12:00:00,23.0,44
2024/11/3 13:00:00,23.2,41
2024/11/3 14:00:00,22.9,42
2024/11/3 15:00:00,22.5,43
2024/11/3 16:00:00,22.1,44
2024/11/3 17:00:00,20.6,48
2024/11/3 18:00:00,19.9,52
2024/11/3 19:00:00,18.5,58
2024/11/3 20:00:00,17.4,65
2024/11/3 21:00:00,15.8,77
2024/11/3 22:00:00,15.5,80
2024/11/3 23:00:00,16.1,78
2024/11/4 00:00:00,15.0,83
2024/11/4 1:00:00,15.6,82
2024/11/4 2:00:00,15.4,82
2024/11/4 3:00:00,14.8,86
2024/11/4 4:00:00,14.8,85
2024/11/4 5:00:00,14.7,85
2024/11/4 6:00:00,14.7,84
2024/11/4 7:00:00,15.1,81
2024/11/4 8:00:00,16.4,78
2024/11/4 9:00:00,18.0,71
2024/11/4 10:00:00,20.4,65
2024/11/4 11:00:00,21.7,61
2024/11/4 12:00:00,22.2,61
2024/11/4 13:00:00,22.4,60
2024/11/4 14:00:00,24.1,54
2024/11/4 15:00:00,23.3,57
2024/11/4 16:00:00,22.8,58
2024/11/4 17:00:00,22.1,61
2024/11/4 18:00:00,21.5,63
2024/11/4 19:00:00,20.4,71
2024/11/4 20:00:00,19.6,75
2024/11/4 21:00:00,18.3,83
2024/11/4 22:00:00,18.2,84
2024/11/4 23:00:00,16.9,91
2024/11/5 00:00:00,16.6,91
2024/11/5 1:00:00,16.4,92
2024/11/5 2:00:00,15.8,94
2024/11/5 3:00:00,15.4,94
2024/11/5 4:00:00,15.6,95
2024/11/5 5:00:00,15.5,93
2024/11/5 6:00:00,15.1,95
2024/11/5 7:00:00,15.7,93
2024/11/5 8:00:00,16.7,87
2024/11/5 9:00:00,17.3,81
2024/11/5 10:00:00,19.8,59
2024/11/5 11:00:00,20.1,53
2024/11/5 12:00:00,20.9,52
2024/11/5 13:00:00,21.6,49
2024/11/5 14:00:00,21.2,50
2024/11/5 15:00:00,20.9,57
2024/11/5 16:00:00,21.0,56
2024/11/5 17:00:00,19.7,64
2024/11/5 18:00:00,18.9,66
2024/11/5 19:00:00,18.5,70
2024/11/5 20:00:00,18.3,75
2024/11/5 21:00:00,17.8,79
2024/11/5 22:00:00,18.0,79
2024/11/5 23:00:00,17.5,82
2024/11/6 00:00:00,16.9,86
2024/11/6 1:00:00,16.5,89
2024/11/6 2:00:00,16.0,91
2024/11/6 3:00:00,15.8,91
2024/11/6 4:00:00,15.9,91
2024/11/6 5:00:00,15.5,89
2024/11/6 6:00:00,14.7,96
2024/11/6 7:00:00,14.7,95
2024/11/6 8:00:00,16.4,86
2024/11/6 9:00:00,18.3,74
2024/11/6 10:00:00,19.4,60
2024/11/6 11:00:00,19.8,56
2024/11/6 12:00:00,21.2,46
2024/11/6 13:00:00,21.6,45
2024/11/6 14:00:00,21.5,43
2024/11/6 15:00:00,20.5,43
2024/11/6 16:00:00,19.2,45
2024/11/6 17:00:00,17.3,53
2024/11/6 18:00:00,16.2,56
2024/11/6 19:00:00,15.5,58
2024/11/6 20:00:00,15.6,53
2024/11/6 21:00:00,15.2,56
2024/11/6 22:00:00,15.0,55
2024/11/6 23:00:00,14.5,58
2024/11/7 00:00:00,13.7,69
2024/11/7 1:00:00,13.4,73
2024/11/7 2:00:00,13.2,71
2024/11/7 3:00:00,12.5,72
2024/11/7 4:00:00,12.1,74
2024/11/7 5:00:00,12.1,72
2024/11/7 6:00:00,12.0,66
2024/11/7 7:00:00,12.1,62
2024/11/7 8:00:00,13.1,51
2024/11/7 9:00:00,14.0,50
2024/11/7 10:00:00,14.7,44
2024/11/7 11:00:00,15.4,42
2024/11/7 12:00:00,15.8,39
2024/11/7 13:00:00,16.6,38
2024/11/7 14:00:00,16.5,37
2024/11/7 15:00:00,15.9,39
2024/11/7 16:00:00,14.7,42
2024/11/7 17:00:00,13.2,45
2024/11/7 18:00:00,12.3,48
2024/11/7 19:00:00,11.6,49
2024/11/7 20:00:00,11.1,50
2024/11/7 21:00:00,10.7,51
2024/11/7 22:00:00,10.4,52
2024/11/7 23:00:00,10.0,52
2024/11/8 00:00:00,9.7,52
2024/11/8 1:00:00,9.6,49
2024/11/8 2:00:00,9.2,49
2024/11/8 3:00:00,9.0,50
2024/11/8 4:00:00,8.6,51
2024/11/8 5:00:00,8.7,51
2024/11/8 6:00:00,8.6,53
2024/11/8 7:00:00,8.6,55
2024/11/8 8:00:00,9.3,53
2024/11/8 9:00:00,10.2,53
2024/11/8 10:00:00,11.9,50
2024/11/8 11:00:00,13.0,48
2024/11/8 12:00:00,14.7,45
2024/11/8 13:00:00,15.5,42
2024/11/8 14:00:00,16.4,40
2024/11/8 15:00:00,16.6,42
2024/11/8 16:00:00,16.6,43
2024/11/8 17:00:00,14.8,58
2024/11/8 18:00:00,13.4,64
2024/11/8 19:00:00,12.6,64
2024/11/8 20:00:00,11.9,71
2024/11/8 21:00:00,11.9,64
2024/11/8 22:00:00,10.9,73
2024/11/8 23:00:00,11.3,77
2024/11/9 00:00:00,10.5,84
2024/11/9 1:00:00,10.5,74
2024/11/9 2:00:00,10.3,72
2024/11/9 3:00:00,9.7,73
2024/11/9 4:00:00,8.8,76
2024/11/9 5:00:00,8.8,81
2024/11/9 6:00:00,8.4,83
2024/11/9 7:00:00,8.3,84
2024/11/9 8:00:00,10.4,72
2024/11/9 9:00:00,12.7,56
2024/11/9 10:00:00,14.9,50
2024/11/9 11:00:00,15.4,42
2024/11/9 12:00:00,17.7,39
2024/11/9 13:00:00,19.1,32
2024/11/9 14:00:00,18.8,27
2024/11/9 15:00:00,19.2,28
2024/11/9 16:00:00,18.7,29
2024/11/9 17:00:00,16.4,43
2024/11/9 18:00:00,14.4,48
2024/11/9 19:00:00,14.3,50
2024/11/9 20:00:00,13.2,60
2024/11/9 21:00:00,12.8,68
2024/11/9 22:00:00,12.6,69
2024/11/9 23:00:00,11.8,74
2024/11/10 00:00:00,11.9,73
2024/11/10 1:00:00,11.3,78
2024/11/10 2:00:00,11.0,79
2024/11/10 3:00:00,10.8,78
2024/11/10 4:00:00,10.1,82
2024/11/10 5:00:00,10.2,80
2024/11/10 6:00:00,10.5,79
2024/11/10 7:00:00,10.9,77
2024/11/10 8:00:00,11.4,75
2024/11/10 9:00:00,13.6,64
2024/11/10 10:00:00,15.5,59
2024/11/10 11:00:00,17.3,56
2024/11/10 12:00:00,17.8,53
2024/11/10 13:00:00,18.2,52
2024/11/10 14:00:00,19.5,54
2024/11/10 15:00:00,18.6,62
2024/11/10 16:00:00,18.7,57
2024/11/10 17:00:00,18.3,59
2024/11/10 18:00:00,18.1,61
2024/11/10 19:00:00,17.6,65
2024/11/10 20:00:00,17.9,65
2024/11/10 21:00:00,17.4,69
2024/11/10 22:00:00,17.8,69
2024/11/10 23:00:00,17.4,74
2024/11/11 00:00:00,17.0,77
2024/11/11 1:00:00,17.0,82
2024/11/11 2:00:00,17.0,84
2024/11/11 3:00:00,17.4,81
2024/11/11 4:00:00,16.9,83
2024/11/11 5:00:00,16.5,89
2024/11/11 6:00:00,16.6,89
2024/11/11 7:00:00,16.9,88
2024/11/11 8:00:00,17.0,88
2024/11/11 9:00:00,17.5,84
2024/11/11 10:00:00,20.4,68
2024/11/11 11:00:00,23.0,52
2024/11/11 12:00:00,24.1,43
2024/11/11 13:00:00,24.3,47
2024/11/11 14:00:00,24.0,46
2024/11/11 15:00:00,23.1,48
2024/11/11 16:00:00,21.7,51
2024/11/11 17:00:00,20.2,53
2024/11/11 18:00:00,19.2,55
2024/11/11 19:00:00,18.6,59
2024/11/11 20:00:00,17.7,63
2024/11/11 21:00:00,17.0,67
2024/11/11 22:00:00,16.4,70
2024/11/11 23:00:00,16.4,70
2024/11/12 00:00:00,16.3,71
2024/11/12 1:00:00,16.5,71
2024/11/12 2:00:00,16.2,71
2024/11/12 3:00:00,16.1,72
2024/11/12 4:00:00,15.9,71
2024/11/12 5:00:00,15.8,72
2024/11/12 6:00:00,15.5,74
2024/11/12 7:00:00,15.7,73
2024/11/12 8:00:00,16.0,72
2024/11/12 9:00:00,17.8,65
2024/11/12 10:00:00,19.1,62
2024/11/12 11:00:00,21.1,59
2024/11/12 12:00:00,21.4,62
2024/11/12 13:00:00,23.3,58
2024/11/12 14:00:00,23.7,57
2024/11/12 15:00:00,23.4,55
2024/11/12 16:00:00,22.4,54
2024/11/12 17:00:00,21.6,56
2024/11/12 18:00:00,20.4,65
2024/11/12 19:00:00,19.6,58
2024/11/12 20:00:00,18.6,54
2024/11/12 21:00:00,17.9,56
2024/11/12 22:00:00,17.4,56
2024/11/12 23:00:00,16.8,58
2024/11/13 00:00:00,16.3,60
2024/11/13 1:00:00,15.8,63
2024/11/13 2:00:00,15.7,64
2024/11/13 3:00:00,15.8,65
2024/11/13 4:00:00,15.1,68
2024/11/13 5:00:00,15.2,69
2024/11/13 6:00:00,15.3,71
2024/11/13 7:00:00,14.6,74
2024/11/13 8:00:00,16.0,69
2024/11/13 9:00:00,17.4,64
2024/11/13 10:00:00,19.4,53
2024/11/13 11:00:00,21.1,46
2024/11/13 12:00:00,21.9,41
2024/11/13 13:00:00,22.2,39
2024/11/13 14:00:00,22.2,37
2024/11/13 15:00:00,21.3,37
2024/11/13 16:00:00,21.1,39
2024/11/13 17:00:00,19.7,43
2024/11/13 18:00:00,18.5,49
2024/11/13 19:00:00,17.1,56
2024/11/13 20:00:00,16.4,62
2024/11/13 21:00:00,15.7,66
2024/11/13 22:00:00,15.1,69
2024/11/13 23:00:00,14.7,70
2024/11/14 00:00:00,14.5,72
2024/11/14 1:00:00,14.3,75
2024/11/14 2:00:00,14.3,74
2024/11/14 3:00:00,14.4,72
2024/11/14 4:00:00,14.5,71
2024/11/14 5:00:00,14.4,73
2024/11/14 6:00:00,14.5,73
2024/11/14 7:00:00,14.8,69
2024/11/14 8:00:00,15.2,72
2024/11/14 9:00:00,15.5,69
2024/11/14 10:00:00,16.0,67
2024/11/14 11:00:00,17.1,64
2024/11/14 12:00:00,17.4,60
2024/11/14 13:00:00,16.7,65
2024/11/14 14:00:00,16.7,63
2024/11/14 15:00:00,16.7,65
2024/11/14 16:00:00,16.7,67
2024/11/14 17:00:00,16.4,72
2024/11/14 18:00:00,16.4,73
2024/11/14 19:00:00,16.3,74
2024/11/14 20:00:00,15.8,76
2024/11/14 21:00:00,15.7,80
2024/11/14 22:00:00,15.2,88
2024/11/14 23:00:00,15.3,86
2024/11/15 00:00:00,14.6,96
2024/11/15 1:00:00,14.4,99
2024/11/15 2:00:00,14.4,99
2024/11/15 3:00:00,14.7,99
2024/11/15 4:00:00,14.9,99
2024/11/15 5:00:00,15.0,99
2024/11/15 6:00:00,14.8,99
2024/11/15 7:00:00,14.8,100
2024/11/15 8:00:00,15.1,100
2024/11/15 9:00:00,15.6,97
2024/11/15 10:00:00,16.9,90
2024/11/15 11:00:00,17.7,84
2024/11/15 12:00:00,18.8,80
2024/11/15 13:00:00,19.1,77
2024/11/15 14:00:00,19.5,74
2024/11/15 15:00:00,19.3,76
2024/11/15 16:00:00,18.5,84
2024/11/15 17:00:00,17.7,94
2024/11/15 18:00:00,17.5,97
2024/11/15 19:00:00,17.4,89
2024/11/15 20:00:00,17.7,88
2024/11/15 21:00:00,16.9,94
2024/11/15 22:00:00,16.5,97
2024/11/15 23:00:00,16.5,98
2024/11/16 00:00:00,16.3,98
2024/11/16 1:00:00,15.9,99
2024/11/16 2:00:00,15.7,100
2024/11/16 3:00:00,15.4,100
2024/11/16 4:00:00,15.4,100
2024/11/16 5:00:00,15.6,99
2024/11/16 6:00:00,15.8,99
2024/11/16 7:00:00,15.9,97
2024/11/16 8:00:00,16.4,92
2024/11/16 9:00:00,17.0,90
2024/11/16 10:00:00,17.7,81
2024/11/16 11:00:00,18.0,81
2024/11/16 12:00:00,19.0,81
2024/11/16 13:00:00,18.8,78
2024/11/16 14:00:00,18.7,78
2024/11/16 15:00:00,18.7,78
2024/11/16 16:00:00,18.2,81
2024/11/16 17:00:00,18.2,81
2024/11/16 18:00:00,18.2,80
2024/11/16 19:00:00,17.7,85
2024/11/16 20:00:00,17.6,86
2024/11/16 21:00:00,17.6,86
2024/11/16 22:00:00,17.5,87
2024/11/16 23:00:00,17.4,87
2024/11/17 00:00:00,17.0,89
2024/11/17 1:00:00,16.2,93
2024/11/17 2:00:00,15.7,95
2024/11/17 3:00:00,15.4,97
2024/11/17 4:00:00,15.6,95
2024/11/17 5:00:00,15.0,97
2024/11/17 6:00:00,15.1,98
2024/11/17 7:00:00,15.0,97
2024/11/17 8:00:00,16.4,89
2024/11/17 9:00:00,17.6,82
2024/11/17 10:00:00,19.5,77
2024/11/17 11:00:00,21.8,67
2024/11/17 12:00:00,22.3,64
2024/11/17 13:00:00,23.6,63
2024/11/17 14:00:00,22.7,62
2024/11/17 15:00:00,22.8,63
2024/11/17 16:00:00,22.2,67
2024/11/17 17:00:00,21.8,70
2024/11/17 18:00:00,21.5,72
2024/11/17 19:00:00,20.8,77
2024/11/17 20:00:00,20.1,82
2024/11/17 21:00:00,19.7,81
2024/11/17 22:00:00,18.7,81
2024/11/17 23:00:00,17.4,74
2024/11/18 00:00:00,16.6,74
2024/11/18 1:00:00,16.6,69
2024/11/18 2:00:00,16.3,67
2024/11/18 3:00:00,15.8,67
2024/11/18 4:00:00,15.4,66
2024/11/18 5:00:00,14.6,68
2024/11/18 6:00:00,15.0,60
2024/11/18 7:00:00,14.4,64
2024/11/18 8:00:00,14.8,57
2024/11/18 9:00:00,15.8,50
2024/11/18 10:00:00,16.8,46
2024/11/18 11:00:00,17.5,42
2024/11/18 12:00:00,19.0,34
2024/11/18 13:00:00,18.5,32
2024/11/18 14:00:00,17.5,33
2024/11/18 15:00:00,17.4,33
2024/11/18 16:00:00,15.6,35
2024/11/18 17:00:00,13.1,46
2024/11/18 18:00:00,12.1,49
2024/11/18 19:00:00,11.4,51
2024/11/18 20:00:00,11.2,51
2024/11/18 21:00:00,10.9,52
2024/11/18 22:00:00,10.5,53
2024/11/18 23:00:00,9.9,54
2024/11/19 00:00:00,9.3,56
2024/11/19 1:00:00,8.9,55
2024/11/19 2:00:00,8.6,50
2024/11/19 3:00:00,8.0,47
2024/11/19 4:00:00,7.8,43
2024/11/19 5:00:00,7.4,47
2024/11/19 6:00:00,7.4,45
2024/11/19 7:00:00,7.2,46
2024/11/19 8:00:00,8.0,46
2024/11/19 9:00:00,9.4,42
2024/11/19 10:00:00,10.6,41
2024/11/19 11:00:00,12.1,36
2024/11/19 12:00:00,12.9,34
2024/11/19 13:00:00,14.2,33
2024/11/19 14:00:00,14.5,34
2024/11/19 15:00:00,14.0,33
2024/11/19 16:00:00,13.8,34
2024/11/19 17:00:00,13.0,42
2024/11/19 18:00:00,11.7,45
2024/11/19 19:00:00,11.1,48
2024/11/19 20:00:00,10.8,49
2024/11/19 21:00:00,10.3,52
2024/11/19 22:00:00,10.4,54
2024/11/19 23:00:00,10.2,57
2024/11/20 00:00:00,10.1,58
2024/11/20 1:00:00,10.2,59
2024/11/20 2:00:00,10.2,59
2024/11/20 3:00:00,10.4,60
2024/11/20 4:00:00,10.3,63
2024/11/20 5:00:00,9.7,70
2024/11/20 6:00:00,9.4,83
2024/11/20 7:00:00,9.8,85
2024/11/20 8:00:00,10.3,82
2024/11/20 9:00:00,11.1,77
2024/11/20 10:00:00,12.0,75
2024/11/20 11:00:00,12.4,75
2024/11/20 12:00:00,12.5,72
2024/11/20 13:00:00,13.5,64
2024/11/20 14:00:00,14.0,65
2024/11/20 15:00:00,13.8,64
2024/11/20 16:00:00,13.9,66
2024/11/20 17:00:00,13.8,67
2024/11/20 18:00:00,13.6,69
2024/11/20 19:00:00,13.7,62
2024/11/20 20:00:00,13.6,60
2024/11/20 21:00:00,12.9,63
2024/11/20 22:00:00,12.1,70
2024/11/20 23:00:00,11.8,71
2024/11/21 00:00:00,11.6,72
2024/11/21 1:00:00,11.0,77
2024/11/21 2:00:00,10.8,75
2024/11/21 3:00:00,10.0,77
2024/11/21 4:00:00,9.6,75
2024/11/21 5:00:00,9.1,75
2024/11/21 6:00:00,8.7,78
2024/11/21 7:00:00,8.6,82
2024/11/21 8:00:00,10.1,71
2024/11/21 9:00:00,12.0,56
2024/11/21 10:00:00,13.9,48
2024/11/21 11:00:00,16.2,48
2024/11/21 12:00:00,18.2,50
2024/11/21 13:00:00,17.6,49
2024/11/21 14:00:00,18.0,44
2024/11/21 15:00:00,17.3,47
2024/11/21 16:00:00,15.6,57
2024/11/21 17:00:00,15.0,57
2024/11/21 18:00:00,14.3,59
2024/11/21 19:00:00,13.6,68
2024/11/21 20:00:00,13.0,70
2024/11/21 21:00:00,12.5,73
2024/11/21 22:00:00,11.7,81
2024/11/21 23:00:00,12.1,79
2024/11/22 00:00:00,12.0,80
2024/11/22 1:00:00,11.8,80
2024/11/22 2:00:00,11.3,82
2024/11/22 3:00:00,10.9,84
2024/11/22 4:00:00,10.7,83
2024/11/22 5:00:00,9.7,86
2024/11/22 6:00:00,8.9,89
2024/11/22 7:00:00,9.3,86
2024/11/22 8:00:00,10.5,79
2024/11/22 9:00:00,12.7,70
2024/11/22 10:00:00,13.6,64
2024/11/22 11:00:00,15.5,54
2024/11/22 12:00:00,15.2,54
2024/11/22 13:00:00,15.8,51
2024/11/22 14:00:00,16.0,51
2024/11/22 15:00:00,15.7,53
2024/11/22 16:00:00,14.9,59
2024/11/22 17:00:00,14.3,64
2024/11/22 18:00:00,13.6,65
2024/11/22 19:00:00,13.0,69
2024/11/22 20:00:00,12.4,72
2024/11/22 21:00:00,12.3,71
2024/11/22 22:00:00,11.5,75
2024/11/22 23:00:00,11.1,76
2024/11/23 00:00:00,11.2,63
2024/11/23 1:00:00,10.6,65
2024/11/23 2:00:00,10.2,66
2024/11/23 3:00:00,9.7,68
2024/11/23 4:00:00,9.5,64
2024/11/23 5:00:00,9.8,62
2024/11/23 6:00:00,9.8,61
2024/11/23 7:00:00,10.3,55
2024/11/23 8:00:00,10.9,49
2024/11/23 9:00:00,11.7,44
2024/11/23 10:00:00,12.7,41
2024/11/23 11:00:00,13.3,40
2024/11/23 12:00:00,14.0,42
2024/11/23 13:00:00,13.8,42
2024/11/23 14:00:00,14.1,39
2024/11/23 15:00:00,13.1,44
2024/11/23 16:00:00,12.4,46
2024/11/23 17:00:00,11.1,51
2024/11/23 18:00:00,10.7,55
2024/11/23 19:00:00,10.1,58
2024/11/23 20:00:00,9.9,59
2024/11/23 21:00:00,9.8,59
2024/11/23 22:00:00,9.3,63
2024/11/23 23:00:00,8.7,65
2024/11/24 00:00:00,8.1,68
2024/11/24 1:00:00,7.9,68
2024/11/24 2:00:00,7.5,70
2024/11/24 3:00:00,7.2,72
2024/11/24 4:00:00,6.9,73
2024/11/24 5:00:00,7.3,69
2024/11/24 6:00:00,6.5,73
2024/11/24 7:00:00,6.9,71
2024/11/24 8:00:00,7.8,67
2024/11/24 9:00:00,10.2,58
2024/11/24 10:00:00,11.4,51
2024/11/24 11:00:00,13.8,45
2024/11/24 12:00:00,14.5,39
2024/11/24 13:00:00,16.0,36
2024/11/24 14:00:00,16.0,41
2024/11/24 15:00:00,15.3,44
2024/11/24 16:00:00,14.4,46
2024/11/24 17:00:00,13.4,44
2024/11/24 18:00:00,12.2,50
2024/11/24 19:00:00,11.5,54
2024/11/24 20:00:00,10.8,58
2024/11/24 21:00:00,10.0,60
2024/11/24 22:00:00,9.4,64
2024/11/24 23:00:00,8.8,65
2024/11/25 00:00:00,8.7,59
2024/11/25 1:00:00,8.1,60
2024/11/25 2:00:00,7.4,66
2024/11/25 3:00:00,7.3,65
2024/11/25 4:00:00,7.3,63
2024/11/25 5:00:00,7.1,66
2024/11/25 6:00:00,7.6,62
2024/11/25 7:00:00,6.2,70
2024/11/25 8:00:00,8.3,61
2024/11/25 9:00:00,9.7,57
2024/11/25 10:00:00,11.9,47
2024/11/25 11:00:00,13.9,41
2024/11/25 12:00:00,14.3,37
2024/11/25 13:00:00,15.4,35
2024/11/25 14:00:00,15.3,32
2024/11/25 15:00:00,15.6,32
2024/11/25 16:00:00,14.4,33
2024/11/25 17:00:00,12.2,46
2024/11/25 18:00:00,11.4,51
2024/11/25 19:00:00,10.7,52
2024/11/25 20:00:00,11.7,51
2024/11/25 21:00:00,9.8,68
2024/11/25 22:00:00,10.4,66
2024/11/25 23:00:00,9.8,68
2024/11/26 00:00:00,10.3,66
2024/11/26 1:00:00,9.9,71
2024/11/26 2:00:00,8.7,75
2024/11/26 3:00:00,8.4,74
2024/11/26 4:00:00,8.4,73
2024/11/26 5:00:00,8.1,73
2024/11/26 6:00:00,7.8,75
2024/11/26 7:00:00,8.4,72
2024/11/26 8:00:00,9.7,67
2024/11/26 9:00:00,10.3,65
2024/11/26 10:00:00,11.1,62
2024/11/26 11:00:00,11.9,62
2024/11/26 12:00:00,15.6,61
2024/11/26 13:00:00,16.6,61
2024/11/26 14:00:00,16.8,62
2024/11/26 15:00:00,15.9,74
2024/11/26 16:00:00,15.6,80
2024/11/26 17:00:00,15.6,81
2024/11/26 18:00:00,15.7,85
2024/11/26 19:00:00,14.9,95
2024/11/26 20:00:00,13.9,100
2024/11/26 21:00:00,13.8,100
2024/11/26 22:00:00,15.2,100
2024/11/26 23:00:00,14.8,100
2024/11/27 00:00:00,14.3,100
2024/11/27 1:00:00,14.1,100
2024/11/27 2:00:00,13.6,96
2024/11/27 3:00:00,13.6,91
2024/11/27 4:00:00,12.6,92
2024/11/27 5:00:00,12.0,91
2024/11/27 6:00:00,12.1,89
2024/11/27 7:00:00,11.9,91
2024/11/27 8:00:00,13.5,76
2024/11/27 9:00:00,14.0,68
2024/11/27 10:00:00,15.1,62
2024/11/27 11:00:00,15.9,59
2024/11/27 12:00:00,15.7,58
2024/11/27 13:00:00,16.1,53
2024/11/27 14:00:00,17.0,46
2024/11/27 15:00:00,16.1,48
2024/11/27 16:00:00,15.5,46
2024/11/27 17:00:00,14.2,52
2024/11/27 18:00:00,12.8,61
2024/11/27 19:00:00,13.5,52
2024/11/27 20:00:00,13.4,56
2024/11/27 21:00:00,12.8,63
2024/11/27 22:00:00,13.0,61
2024/11/27 23:00:00,12.8,58
2024/11/28 00:00:00,12.3,60
2024/11/28 1:00:00,12.1,63
2024/11/28 2:00:00,12.1,58
2024/11/28 3:00:00,11.4,61
2024/11/28 4:00:00,11.0,56
2024/11/28 5:00:00,10.3,54
2024/11/28 6:00:00,10.0,54
2024/11/28 7:00:00,9.8,54
2024/11/28 8:00:00,10.4,52
2024/11/28 9:00:00,11.0,48
2024/11/28 10:00:00,12.5,43
2024/11/28 11:00:00,12.9,39
2024/11/28 12:00:00,14.3,36
2024/11/28 13:00:00,14.4,35
2024/11/28 14:00:00,14.6,31
2024/11/28 15:00:00,13.6,35
2024/11/28 16:00:00,13.4,35
2024/11/28 17:00:00,12.4,35
2024/11/28 18:00:00,11.5,38
2024/11/28 19:00:00,10.7,42
2024/11/28 20:00:00,10.3,45
2024/11/28 21:00:00,10.0,50
2024/11/28 22:00:00,8.2,65
2024/11/28 23:00:00,8.0,62
2024/11/29 00:00:00,7.5,66
2024/11/29 1:00:00,7.0,71
2024/11/29 2:00:00,6.9,73
2024/11/29 3:00:00,6.5,76
2024/11/29 4:00:00,8.2,72
2024/11/29 5:00:00,7.3,76
2024/11/29 6:00:00,7.6,78
2024/11/29 7:00:00,8.0,76
2024/11/29 8:00:00,10.1,60
2024/11/29 9:00:00,10.9,55
2024/11/29 10:00:00,11.5,56
2024/11/29 11:00:00,11.1,58
2024/11/29 12:00:00,10.9,57
2024/11/29 13:00:00,10.7,59
2024/11/29 14:00:00,10.5,60
2024/11/29 15:00:00,10.0,68
2024/11/29 16:00:00,9.9,63
2024/11/29 17:00:00,9.1,66
2024/11/29 18:00:00,8.7,66
2024/11/29 19:00:00,7.7,71
2024/11/29 20:00:00,7.3,74
2024/11/29 21:00:00,6.4,80
2024/11/29 22:00:00,6.2,84
2024/11/29 23:00:00,6.1,83
2024/11/30 00:00:00,5.6,84
2024/11/30 1:00:00,5.6,86
2024/11/30 2:00:00,5.9,79
2024/11/30 3:00:00,7.7,58
2024/11/30 4:00:00,7.8,59
2024/11/30 5:00:00,7.4,67
2024/11/30 6:00:00,7.5,69
2024/11/30 7:00:00,7.3,75
2024/11/30 8:00:00,7.5,74
2024/11/30 9:00:00,8.5,72
2024/11/30 10:00:00,8.8,69
2024/11/30 11:00:00,8.6,75
2024/11/30 12:00:00,9.6,71
2024/11/30 13:00:00,10.2,66
2024/11/30 14:00:00,11.1,64
2024/11/30 15:00:00,10.5,67
2024/11/30 16:00:00,10.0,69
2024/11/30 17:00:00,9.8,70
2024/11/30 18:00:00,9.4,74
2024/11/30 19:00:00,8.7,77
2024/11/30 20:00:00,9.3,75
2024/11/30 21:00:00,8.8,75
2024/11/30 22:00:00,9.3,72
2024/11/30 23:00:00,9.1,74
2024/12/1 00:00:00,9.1,74
2024/12/1 1:00:00,8.8,77
2024/12/1 2:00:00,8.1,82
2024/12/1 3:00:00,7.9,86
2024/12/1 4:00:00,8.0,86
2024/12/1 5:00:00,7.7,85
2024/12/1 6:00:00,6.7,89
2024/12/1 7:00:00,6.5,87
2024/12/1 8:00:00,7.2,84
2024/12/1 9:00:00,8.6,79
2024/12/1 10:00:00,11.0,66
2024/12/1 11:00:00,12.4,59
2024/12/1 12:00:00,14.3,54
2024/12/1 13:00:00,14.2,54
2024/12/1 14:00:00,15.4,53
2024/12/1 15:00:00,14.3,57
2024/12/1 16:00:00,14.0,56
2024/12/1 17:00:00,12.8,61
2024/12/1 18:00:00,11.8,65
2024/12/1 19:00:00,11.7,66
2024/12/1 20:00:00,10.4,73
2024/12/1 21:00:00,9.5,78
2024/12/1 22:00:00,8.5,86
2024/12/1 23:00:00,8.3,87
2024/12/2 00:00:00,8.0,88
2024/12/2 1:00:00,7.4,89
2024/12/2 2:00:00,7.6,87
2024/12/2 3:00:00,7.0,90
2024/12/2 4:00:00,6.7,92
2024/12/2 5:00:00,6.4,92
2024/12/2 6:00:00,6.3,94
2024/12/2 7:00:00,5.7,96
2024/12/2 8:00:00,7.5,87
2024/12/2 9:00:00,9.3,78
2024/12/2 10:00:00,12.0,65
2024/12/2 11:00:00,13.7,60
2024/12/2 12:00:00,14.3,54
2024/12/2 13:00:00,15.0,48
2024/12/2 14:00:00,16.2,46
2024/12/2 15:00:00,15.8,45
2024/12/2 16:00:00,15.6,47
2024/12/2 17:00:00,13.1,60
2024/12/2 18:00:00,11.8,69
2024/12/2 19:00:00,11.1,70
2024/12/2 20:00:00,11.3,69
2024/12/2 21:00:00,9.8,74
2024/12/2 22:00:00,9.3,79
2024/12/2 23:00:00,9.1,78
2024/12/3 00:00:00,8.2,82
2024/12/3 1:00:00,7.7,83
2024/12/3 2:00:00,7.3,85
2024/12/3 3:00:00,7.2,84
2024/12/3 4:00:00,7.0,86
2024/12/3 5:00:00,6.6,86
2024/12/3 6:00:00,6.4,88
2024/12/3 7:00:00,6.3,89
2024/12/3 8:00:00,7.7,82
2024/12/3 9:00:00,9.7,71
2024/12/3 10:00:00,12.1,69
2024/12/3 11:00:00,13.3,60
2024/12/3 12:00:00,15.8,54
2024/12/3 13:00:00,17.5,49
2024/12/3 14:00:00,18.1,47
2024/12/3 15:00:00,17.5,48
2024/12/3 16:00:00,16.9,50
2024/12/3 17:00:00,14.4,66
2024/12/3 18:00:00,13.3,71
2024/12/3 19:00:00,12.9,70
2024/12/3 20:00:00,12.7,70
2024/12/3 21:00:00,12.0,76
2024/12/3 22:00:00,11.5,79
2024/12/3 23:00:00,11.1,80
2024/12/4 00:00:00,11.0,82
2024/12/4 1:00:00,10.1,87
2024/12/4 2:00:00,9.6,88
2024/12/4 3:00:00,9.8,88
2024/12/4 4:00:00,9.9,87
2024/12/4 5:00:00,9.5,88
2024/12/4 6:00:00,9.0,91
2024/12/4 7:00:00,9.4,89
2024/12/4 8:00:00,10.4,83
2024/12/4 9:00:00,12.3,68
2024/12/4 10:00:00,14.2,49
2024/12/4 11:00:00,14.3,47
2024/12/4 12:00:00,15.2,45
2024/12/4 13:00:00,14.4,42
2024/12/4 14:00:00,13.5,44
2024/12/4 15:00:00,14.0,41
2024/12/4 16:00:00,12.7,45
2024/12/4 17:00:00,11.9,50
2024/12/4 18:00:00,11.3,55
2024/12/4 19:00:00,10.9,56
2024/12/4 20:00:00,10.2,59
2024/12/4 21:00:00,9.8,63
2024/12/4 22:00:00,8.8,68
2024/12/4 23:00:00,9.3,69
2024/12/5 00:00:00,9.3,72
2024/12/5 1:00:00,9.4,70
2024/12/5 2:00:00,7.9,80
2024/12/5 3:00:00,9.0,69
2024/12/5 4:00:00,7.5,80
2024/12/5 5:00:00,7.9,77
2024/12/5 6:00:00,8.1,75
2024/12/5 7:00:00,7.5,79
2024/12/5 8:00:00,8.8,69
2024/12/5 9:00:00,10.0,60
2024/12/5 10:00:00,10.3,59
2024/12/5 11:00:00,12.8,49
2024/12/5 12:00:00,13.6,46
2024/12/5 13:00:00,13.1,44
2024/12/5 14:00:00,12.9,44
2024/12/5 15:00:00,12.3,46
2024/12/5 16:00:00,12.3,46
2024/12/5 17:00:00,11.1,49
2024/12/5 18:00:00,10.4,52
2024/12/5 19:00:00,9.9,57
2024/12/5 20:00:00,9.6,59
2024/12/5 21:00:00,8.8,64
2024/12/5 22:00:00,8.7,63
2024/12/5 23:00:00,7.9,69
2024/12/6 00:00:00,7.6,73
2024/12/6 1:00:00,8.7,65
2024/12/6 2:00:00,8.0,70
2024/12/6 3:00:00,6.9,77
2024/12/6 4:00:00,6.9,77
2024/12/6 5:00:00,7.3,77
2024/12/6 6:00:00,7.0,75
2024/12/6 7:00:00,6.4,78
2024/12/6 8:00:00,7.6,75
2024/12/6 9:00:00,9.3,65
2024/12/6 10:00:00,12.1,51
2024/12/6 11:00:00,11.8,49
2024/12/6 12:00:00,13.6,46
2024/12/6 13:00:00,12.7,48
2024/12/6 14:00:00,11.6,53
2024/12/6 15:00:00,10.9,60
2024/12/6 16:00:00,10.0,64
2024/12/6 17:00:00,9.3,70
2024/12/6 18:00:00,9.1,72
2024/12/6 19:00:00,8.6,73
2024/12/6 20:00:00,8.0,77
2024/12/6 21:00:00,7.3,82
2024/12/6 22:00:00,7.7,79
2024/12/6 23:00:00,7.6,77
2024/12/7 00:00:00,9.1,60
2024/12/7 1:00:00,7.9,66
2024/12/7 2:00:00,7.3,74
2024/12/7 3:00:00,6.7,80
2024/12/7 4:00:00,7.2,78
2024/12/7 5:00:00,7.1,79
2024/12/7 6:00:00,6.7,80
2024/12/7 7:00:00,7.0,78
2024/12/7 8:00:00,7.5,77
2024/12/7 9:00:00,7.7,74
2024/12/7 10:00:00,7.9,75
2024/12/7 11:00:00,8.6,70
2024/12/7 12:00:00,8.6,69
2024/12/7 13:00:00,9.5,63
2024/12/7 14:00:00,9.3,62
2024/12/7 15:00:00,9.5,59
2024/12/7 16:00:00,9.1,68
2024/12/7 17:00:00,8.8,70
2024/12/7 18:00:00,8.2,72
2024/12/7 19:00:00,7.9,72
2024/12/7 20:00:00,8.8,57
2024/12/7 21:00:00,8.6,55
2024/12/7 22:00:00,8.7,47
2024/12/7 23:00:00,7.9,57
2024/12/8 00:00:00,7.3,66
2024/12/8 1:00:00,7.6,61
2024/12/8 2:00:00,7.5,55
2024/12/8 3:00:00,7.4,55
2024/12/8 4:00:00,7.9,49
2024/12/8 5:00:00,7.3,57
2024/12/8 6:00:00,7.4,56
2024/12/8 7:00:00,7.2,63
2024/12/8 8:00:00,6.9,68
2024/12/8 9:00:00,6.6,76
2024/12/8 10:00:00,7.8,68
2024/12/8 11:00:00,6.6,78
2024/12/8 12:00:00,7.3,72
2024/12/8 13:00:00,8.4,61
2024/12/8 14:00:00,7.6,68
2024/12/8 15:00:00,8.6,61
2024/12/8 16:00:00,8.5,57
2024/12/8 17:00:00,7.3,58
2024/12/8 18:00:00,6.9,58
2024/12/8 19:00:00,6.3,61
2024/12/8 20:00:00,5.8,64
2024/12/8 21:00:00,5.1,69
2024/12/8 22:00:00,5.0,69
2024/12/8 23:00:00,4.7,69
2024/12/9 00:00:00,4.2,72
2024/12/9 1:00:00,4.6,62
2024/12/9 2:00:00,3.6,68
2024/12/9 3:00:00,3.8,67
2024/12/9 4:00:00,3.1,73
2024/12/9 5:00:00,3.4,70
2024/12/9 6:00:00,3.0,73
2024/12/9 7:00:00,2.8,73
2024/12/9 8:00:00,3.6,72
2024/12/9 9:00:00,5.7,61
2024/12/9 10:00:00,7.9,55
2024/12/9 11:00:00,9.8,49
2024/12/9 12:00:00,10.7,46
2024/12/9 13:00:00,11.4,41
2024/12/9 14:00:00,11.6,40
2024/12/9 15:00:00,10.4,44
2024/12/9 16:00:00,9.9,43
2024/12/9 17:00:00,9.0,46
2024/12/9 18:00:00,8.1,53
2024/12/9 19:00:00,7.2,63
2024/12/9 20:00:00,6.6,68
2024/12/9 21:00:00,6.1,68
2024/12/9 22:00:00,5.4,69
2024/12/9 23:00:00,4.6,70
2024/12/10 00:00:00,4.4,71
2024/12/10 1:00:00,4.0,75
2024/12/10 2:00:00,3.8,75
2024/12/10 3:00:00,3.0,80
2024/12/10 4:00:00,2.4,84
2024/12/10 5:00:00,2.1,83
2024/12/10 6:00:00,2.2,80
2024/12/10 7:00:00,3.4,70
2024/12/10 8:00:00,4.2,67
2024/12/10 9:00:00,5.9,62
2024/12/10 10:00:00,8.3,56
2024/12/10 11:00:00,10.1,53
2024/12/10 12:00:00,12.1,49
2024/12/10 13:00:00,12.9,48
2024/12/10 14:00:00,12.3,52
2024/12/10 15:00:00,11.7,54
2024/12/10 16:00:00,11.1,57
2024/12/10 17:00:00,9.4,65
2024/12/10 18:00:00,9.0,65
2024/12/10 19:00:00,8.3,71
2024/12/10 20:00:00,7.7,76
2024/12/10 21:00:00,7.1,80
2024/12/10 22:00:00,6.6,83
2024/12/10 23:00:00,5.7,85
2024/12/11 00:00:00,5.4,85
