Year,Month,Day,Hour,Temperature,Humidity
2024,7,10,1,26.4,79
2024,7,10,2,26.2,79
2024,7,10,3,26.4,77
2024,7,10,4,25.8,81
2024,7,10,5,25.3,83
2024,7,10,6,26.2,79
2024,7,10,7,26.8,73
2024,7,10,8,27.5,73
2024,7,10,9,28.9,68
2024,7,10,10,29.4,64
2024,7,10,11,31.3,61
2024,7,10,12,32.5,58
2024,7,10,13,32.1,61
2024,7,10,14,31.8,61
2024,7,10,15,28.8,83
2024,7,10,16,27.2,92
2024,7,10,17,28.1,87
2024,7,10,18,27.4,90
2024,7,10,19,27.1,92
2024,7,10,20,27,93
2024,7,10,21,26.7,94
2024,7,10,22,26.6,94
2024,7,10,23,26.7,94
2024,7,11,0,26.8,94
2024,7,11,1,26.4,97
2024,7,11,2,26.2,98
2024,7,11,3,26.1,98
2024,7,11,4,25.5,91
2024,7,11,5,24.9,95
2024,7,11,6,24.6,96
2024,7,11,7,24.4,97
2024,7,11,8,25.4,93
2024,7,11,9,25.3,90
2024,7,11,10,23.8,94
2024,7,11,11,24.5,94
2024,7,11,12,25,91
2024,7,11,13,26,85
2024,7,11,14,27,78
2024,7,11,15,27.2,75
2024,7,11,16,27.5,77
2024,7,11,17,27.5,74
2024,7,11,18,27,77
2024,7,11,19,26.5,81
2024,7,11,20,26,84
2024,7,11,21,25.9,86
2024,7,11,22,25.8,84
2024,7,11,23,25.6,85
2024,7,12,0,25,88
2024,7,12,1,25.2,88
2024,7,12,2,24.9,91
2024,7,12,3,24.9,90
2024,7,12,4,24.6,91
2024,7,12,5,24.4,93
2024,7,12,6,24.1,96
2024,7,12,7,23.9,98
2024,7,12,8,24.2,99
2024,7,12,9,23.2,98
2024,7,12,10,23,97
2024,7,12,11,22.7,97
2024,7,12,12,23.6,93
2024,7,12,13,24.1,92
2024,7,12,14,24.5,89
2024,7,12,15,24.5,90
2024,7,12,16,24.8,87
2024,7,12,17,26.3,80
2024,7,12,18,26.3,78
2024,7,12,19,26.2,76
2024,7,12,20,25.5,76
2024,7,12,21,25.3,75
2024,7,12,22,24.8,77
2024,7,12,23,24.4,79
2024,7,13,0,24.3,79
2024,7,13,1,23.8,81
2024,7,13,2,22.7,89
2024,7,13,3,22.6,88
2024,7,13,4,22.5,88
2024,7,13,5,22.3,91
2024,7,13,6,22.9,92
2024,7,13,7,24.2,83
2024,7,13,8,25.7,79
2024,7,13,9,26.2,71
2024,7,13,10,28.5,66
2024,7,13,11,29.7,58
2024,7,13,12,30.6,56
2024,7,13,13,29.8,60
2024,7,13,14,30.8,55
2024,7,13,15,29.3,64
2024,7,13,16,27.6,74
2024,7,13,17,27.7,72
2024,7,13,18,27.4,71
2024,7,13,19,26.8,73
2024,7,13,20,26.2,78
2024,7,13,21,26.2,76
2024,7,13,22,26.1,79
2024,7,13,23,25,86
2024,7,14,0,24.7,87
2024,7,14,1,25.3,83
2024,7,14,2,24.2,94
2024,7,14,3,23.7,96
2024,7,14,4,24,96
2024,7,14,5,24.1,96
2024,7,14,6,24.1,96
2024,7,14,7,24.4,91
2024,7,14,8,25.6,88
2024,7,14,9,25.8,86
2024,7,14,10,27.6,84
2024,7,14,11,27.4,81
2024,7,14,12,27.7,83
2024,7,14,13,27.6,83
2024,7,14,14,27.6,85
2024,7,14,15,27.9,83
2024,7,14,16,28.2,82
2024,7,14,17,27.1,91
2024,7,14,18,26.9,93
2024,7,14,19,26.6,95
2024,7,14,20,26.4,95
2024,7,14,21,26,96
2024,7,14,22,25.5,98
2024,7,14,23,25.6,98
2024,7,15,0,25.8,96
2024,7,15,1,25.9,96
2024,7,15,2,25.7,95
2024,7,15,3,25.5,97
2024,7,15,4,25,96
2024,7,15,5,24.7,97
2024,7,15,6,25.2,95
2024,7,15,7,26.9,92
2024,7,15,8,28,82
2024,7,15,9,28.6,77
2024,7,15,10,30,71
2024,7,15,11,30.7,63
2024,7,15,12,31.4,59
2024,7,15,13,30.8,59
2024,7,15,14,29.1,67
2024,7,15,15,26,92
2024,7,15,16,26.7,87
2024,7,15,17,26,91
2024,7,15,18,26.3,91
2024,7,15,19,25.8,90
2024,7,15,20,25.7,91
2024,7,15,21,25.5,92
2024,7,15,22,24.2,94
2024,7,15,23,24.2,95
2024,7,16,0,24.6,93
2024,7,16,1,24.4,94
2024,7,16,2,24.1,97
2024,7,16,3,23.7,98
2024,7,16,4,23.7,98
2024,7,16,5,23.7,99
2024,7,16,6,23.7,100
2024,7,16,7,24.4,99
2024,7,16,8,24.2,99
2024,7,16,9,24.7,97
2024,7,16,10,26.1,91
2024,7,16,11,27.2,85
2024,7,16,12,28.8,78
2024,7,16,13,29.7,69
2024,7,16,14,30.3,65
2024,7,16,15,30.3,64
2024,7,16,16,30.8,66
2024,7,16,17,30.8,64
2024,7,16,18,28.7,82
2024,7,16,19,27.4,87
2024,7,16,20,25.9,97
2024,7,16,21,25.5,97
2024,7,16,22,25.1,97
2024,7,16,23,24.6,95
2024,7,17,0,24.2,95
2024,7,17,1,24.1,96
2024,7,17,2,23.7,96
2024,7,17,3,23.6,96
2024,7,17,4,23.8,95
2024,7,17,5,23.8,96
2024,7,17,6,24.1,94
2024,7,17,7,24.8,90
2024,7,17,8,24.6,90
2024,7,17,9,24.4,98
2024,7,17,10,25.5,91
2024,7,17,11,27.4,80
2024,7,17,12,28.9,76
2024,7,17,13,31.1,71
2024,7,17,14,31.5,64
2024,7,17,15,31.6,62
2024,7,17,16,32.4,58
2024,7,17,17,31.8,61
2024,7,17,18,30.7,66
2024,7,17,19,24.9,90
2024,7,17,20,24.8,90
2024,7,17,21,25.3,92
2024,7,17,22,25.5,91
2024,7,17,23,25.2,93
2024,7,18,0,25.1,93
2024,7,18,1,25.4,93
2024,7,18,2,25.9,92
2024,7,18,3,25.5,95
2024,7,18,4,25.2,97
2024,7,18,5,25.1,94
2024,7,18,6,25.4,92
2024,7,18,7,26.8,79
2024,7,18,8,28.3,72
2024,7,18,9,29.6,65
2024,7,18,10,31,60
2024,7,18,11,32.4,57
2024,7,18,12,33.6,55
2024,7,18,13,34.8,53
2024,7,18,14,35.2,46
2024,7,18,15,35.3,49
2024,7,18,16,34.3,57
2024,7,18,17,32.4,62
2024,7,18,18,31.1,68
2024,7,18,19,29.6,78
2024,7,18,20,28.9,80
2024,7,18,21,28.4,83
2024,7,18,22,28,83
2024,7,18,23,27.8,82
2024,7,19,0,27.7,81
2024,7,19,1,27.5,81
2024,7,19,2,27.3,82
2024,7,19,3,26.9,83
2024,7,19,4,27,83
2024,7,19,5,26.7,85
2024,7,19,6,27.1,81
2024,7,19,7,27.3,79
2024,7,19,8,29,73
2024,7,19,9,29.5,75
2024,7,19,10,30,72
2024,7,19,11,31.6,67
2024,7,19,12,32.5,63
2024,7,19,13,32.4,60
2024,7,19,14,33.4,60
2024,7,19,15,34.4,62
2024,7,19,16,32.5,64
2024,7,19,17,32,65
2024,7,19,18,32,67
2024,7,19,19,30.9,72
2024,7,19,20,30.1,78
2024,7,19,21,29.7,80
2024,7,19,22,29.2,82
2024,7,19,23,28.7,85
2024,7,20,0,28.4,86
2024,7,20,1,28.1,86
2024,7,20,2,27.9,87
2024,7,20,3,27.9,84
2024,7,20,4,27.5,87
2024,7,20,5,27.5,85
2024,7,20,6,27.7,84
2024,7,20,7,28.6,81
2024,7,20,8,29.9,76
2024,7,20,9,32.3,69
2024,7,20,10,33.4,59
2024,7,20,11,33.6,61
2024,7,20,12,34,58
2024,7,20,13,34.5,58
2024,7,20,14,34.1,56
2024,7,20,15,30.4,74
2024,7,20,16,30.6,69
2024,7,20,17,29.9,71
2024,7,20,18,30.2,69
2024,7,20,19,30.2,70
2024,7,20,20,30,71
2024,7,20,21,29.1,77
2024,7,20,22,29.3,78
2024,7,20,23,28.5,81
2024,7,21,0,27.8,82
2024,7,21,1,27.4,83
2024,7,21,2,27,85
2024,7,21,3,26.9,84
2024,7,21,4,26.3,83
2024,7,21,5,26.2,83
2024,7,21,6,26.9,82
2024,7,21,7,28,77
2024,7,21,8,29.2,74
2024,7,21,9,31.3,67
2024,7,21,10,33,62
2024,7,21,11,33.4,57
2024,7,21,12,34.4,53
2024,7,21,13,36.2,54
2024,7,21,14,36.2,49
2024,7,21,15,36.9,47
2024,7,21,16,35.6,48
2024,7,21,17,35.9,51
2024,7,21,18,34.7,55
2024,7,21,19,33.9,57
2024,7,21,20,33.4,58
2024,7,21,21,32.1,65
2024,7,21,22,30.9,68
2024,7,21,23,30.3,69
2024,7,22,0,29.7,72
2024,7,22,1,29.5,75
2024,7,22,2,29.1,76
2024,7,22,3,28.8,77
2024,7,22,4,28.7,78
2024,7,22,5,28.6,77
2024,7,22,6,29.2,75
2024,7,22,7,30.4,69
2024,7,22,8,31.5,64
2024,7,22,9,33,59
2024,7,22,10,34.3,54
2024,7,22,11,34.7,52
2024,7,22,12,34.5,49
2024,7,22,13,35,50
2024,7,22,14,36.2,44
2024,7,22,15,36.7,45
2024,7,22,16,36.9,44
2024,7,22,17,36,47
2024,7,22,18,34.8,50
2024,7,22,19,31.4,65
2024,7,22,20,31.5,63
2024,7,22,21,31.4,60
2024,7,22,22,31.2,59
2024,7,22,23,30.9,58
2024,7,23,0,30.1,61
2024,7,23,1,29.6,66
2024,7,23,2,29.3,68
2024,7,23,3,29.2,69
2024,7,23,4,29,70
2024,7,23,5,28.1,75
2024,7,23,6,28.5,73
2024,7,23,7,29.6,67
2024,7,23,8,31.1,63
2024,7,23,9,32.7,58
2024,7,23,10,34.1,53
2024,7,23,11,34.6,49
2024,7,23,12,35.8,46
2024,7,23,13,36.8,41
2024,7,23,14,35.5,46
2024,7,23,15,36.1,50
2024,7,23,16,36.2,43
2024,7,23,17,35.3,46
2024,7,23,18,34.8,50
2024,7,23,19,33.8,55
2024,7,23,20,33.3,54
2024,7,23,21,32.3,62
2024,7,23,22,31,69
2024,7,23,23,30,74
2024,7,24,0,29.8,74
2024,7,24,1,29.2,77
2024,7,24,2,29,76
2024,7,24,3,29.1,75
2024,7,24,4,28.8,76
2024,7,24,5,29.4,72
2024,7,24,6,29.4,74
2024,7,24,7,30.4,70
2024,7,24,8,30.9,67
2024,7,24,9,28.7,65
2024,7,24,10,26.7,73
2024,7,24,11,28.4,63
2024,7,24,12,30.7,54
2024,7,24,13,32,57
2024,7,24,14,32.9,52
2024,7,24,15,32.3,55
2024,7,24,16,32.9,54
2024,7,24,17,31.7,59
2024,7,24,18,31.3,62
2024,7,24,19,29.2,75
2024,7,24,20,28.4,81
2024,7,24,21,27.7,85
2024,7,24,22,27.5,85
2024,7,24,23,26.8,85
2024,7,25,0,27.6,81
2024,7,25,1,27.3,83
2024,7,25,2,27.2,84
2024,7,25,3,26.7,91
2024,7,25,4,26.5,91
2024,7,25,5,26.4,92
2024,7,25,6,26.6,86
2024,7,25,7,27.5,82
2024,7,25,8,29,73
2024,7,25,9,31.1,66
2024,7,25,10,32.7,59
2024,7,25,11,33.1,57
2024,7,25,12,33.3,56
2024,7,25,13,35.1,49
2024,7,25,14,34.9,49
2024,7,25,15,30.7,72
2024,7,25,16,29.8,79
2024,7,25,17,29,68
2024,7,25,18,27.7,76
2024,7,25,19,28.8,73
2024,7,25,20,26.3,79
2024,7,25,21,26.6,77
2024,7,25,22,26.3,77
2024,7,25,23,26.5,79
2024,7,26,0,25.7,83
2024,7,26,1,25.4,84
2024,7,26,2,25.5,84
2024,7,26,3,25.3,85
2024,7,26,4,25,86
2024,7,26,5,24.8,88
2024,7,26,6,25.9,83
2024,7,26,7,26.4,81
2024,7,26,8,27.7,76
2024,7,26,9,30,67
2024,7,26,10,31.3,63
2024,7,26,11,33,58
2024,7,26,12,34.6,57
2024,7,26,13,35.1,49
2024,7,26,14,35.5,50
2024,7,26,15,34.8,52
2024,7,26,16,35.3,53
2024,7,26,17,34.2,56
2024,7,26,18,33.1,56
2024,7,26,19,32.6,60
2024,7,26,20,32.2,65
2024,7,26,21,31.3,70
2024,7,26,22,30.4,76
2024,7,26,23,30,79
2024,7,27,0,29.3,81
2024,7,27,1,29.1,83
2024,7,27,2,28.7,84
2024,7,27,3,28.7,85
2024,7,27,4,28.3,86
2024,7,27,5,28.1,87
2024,7,27,6,28.4,83
2024,7,27,7,29.5,78
2024,7,27,8,30.5,70
2024,7,27,9,32.6,67
2024,7,27,10,32.8,61
2024,7,27,11,34,57
2024,7,27,12,35.5,52
2024,7,27,13,36.8,50
2024,7,27,14,37.4,48
2024,7,27,15,37.9,43
2024,7,27,16,37,47
2024,7,27,17,35.9,50
2024,7,27,18,35.4,53
2024,7,27,19,34.8,55
2024,7,27,20,34.1,57
2024,7,27,21,32.7,61
2024,7,27,22,32,63
2024,7,27,23,31,65
2024,7,28,0,30.1,69
2024,7,28,1,30.1,70
2024,7,28,2,29.9,72
2024,7,28,3,29.2,74
2024,7,28,4,28.7,75
2024,7,28,5,28.6,76
2024,7,28,6,28.9,75
2024,7,28,7,30.2,70
2024,7,28,8,31.8,64
2024,7,28,9,33.7,57
2024,7,28,10,35.4,50
2024,7,28,11,36.2,49
2024,7,28,12,37,45
2024,7,28,13,36.9,50
2024,7,28,14,36.8,46
2024,7,28,15,36.7,45
2024,7,28,16,35.8,46
2024,7,28,17,35,49
2024,7,28,18,33.9,50
2024,7,28,19,33,53
2024,7,28,20,31.9,57
2024,7,28,21,31.3,60
2024,7,28,22,30.7,62
2024,7,28,23,30.4,64
2024,7,29,0,30.6,58
2024,7,29,1,30.1,59
2024,7,29,2,29.5,62
2024,7,29,3,29.1,64
2024,7,29,4,28.5,66
2024,7,29,5,28.1,67
2024,7,29,6,28.5,64
2024,7,29,7,30.1,58
2024,7,29,8,32.2,52
2024,7,29,9,33.9,50
2024,7,29,10,34.7,46
2024,7,29,11,36,43
2024,7,29,12,36.3,42
2024,7,29,13,36.5,42
2024,7,29,14,36.8,41
2024,7,29,15,36.7,39
2024,7,29,16,35.8,43
2024,7,29,17,34.3,46
2024,7,29,18,33,48
2024,7,29,19,32.1,52
2024,7,29,20,31.5,55
2024,7,29,21,30.9,57
2024,7,29,22,30.3,60
2024,7,29,23,30.3,60
2024,7,30,0,29.9,62
2024,7,30,1,29.5,63
2024,7,30,2,28.9,68
2024,7,30,3,28.8,69
2024,7,30,4,28.7,70
2024,7,30,5,28.7,71
2024,7,30,6,28.9,72
2024,7,30,7,30.5,67
2024,7,30,8,32.1,62
2024,7,30,9,31.8,65
2024,7,30,10,32.6,60
2024,7,30,11,34.2,58
2024,7,30,12,34.8,56
2024,7,30,13,34.6,56
2024,7,30,14,35.1,55
2024,7,30,15,35,55
2024,7,30,16,33.5,57
2024,7,30,17,32,61
2024,7,30,18,31,65
2024,7,30,19,29.8,69
2024,7,30,20,29.6,71
2024,7,30,21,29.3,72
2024,7,30,22,28.9,73
2024,7,30,23,29,72
2024,7,31,0,28.8,73
2024,7,31,1,28.8,71
2024,7,31,2,29.2,68
2024,7,31,3,28.7,69
2024,7,31,4,28.4,70
2024,7,31,5,28.1,72
2024,7,31,6,28.5,70
2024,7,31,7,29.7,65
2024,7,31,8,31.1,58
2024,7,31,9,33.1,49
2024,7,31,10,34.3,46
2024,7,31,11,35.2,45
2024,7,31,12,36.1,40
2024,7,31,13,36.4,38
2024,7,31,14,37.2,37
2024,7,31,15,36.4,37
2024,7,31,16,35.5,38
2024,7,31,17,35,38
2024,7,31,18,33,50
2024,7,31,19,31.8,49
2024,7,31,20,30.7,56
2024,7,31,21,30.1,56
2024,7,31,22,29.3,58
2024,7,31,23,28.7,60
2024,8,1,0,28.7,59
2024,8,1,1,28.3,60
2024,8,1,2,27.7,63
2024,8,1,3,27.2,67
2024,8,1,4,27,68
2024,8,1,5,26.6,69
2024,8,1,6,27.1,67
2024,8,1,7,28.5,63
2024,8,1,8,30.5,59
2024,8,1,9,31.4,57
2024,8,1,10,32.6,53
2024,8,1,11,34.1,46
2024,8,1,12,35.9,40
2024,8,1,13,35.9,39
2024,8,1,14,35.7,36
2024,8,1,15,36,36
2024,8,1,16,36.6,37
2024,8,1,17,35.3,42
2024,8,1,18,32.3,56
2024,8,1,19,30.9,64
2024,8,1,20,29.6,68
2024,8,1,21,29.1,74
2024,8,1,22,28.6,77
2024,8,1,23,28.4,79
2024,8,2,0,28.2,78
2024,8,2,1,27.9,79
2024,8,2,2,27.7,80
2024,8,2,3,27.8,79
2024,8,2,4,27.5,81
2024,8,2,5,27.1,82
2024,8,2,6,27.8,76
2024,8,2,7,28.6,77
2024,8,2,8,29.2,71
2024,8,2,9,31.2,63
2024,8,2,10,32.3,58
2024,8,2,11,34.1,53
2024,8,2,12,35.7,44
2024,8,2,13,36.5,43
2024,8,2,14,37.6,43
2024,8,2,15,37.2,43
2024,8,2,16,34.9,50
2024,8,2,17,33.9,55
2024,8,2,18,32.2,60
2024,8,2,19,30.7,64
2024,8,2,20,29.6,70
2024,8,2,21,29.2,76
2024,8,2,22,29.2,77
2024,8,2,23,29.1,77
2024,8,3,0,29,76
2024,8,3,1,29.1,74
2024,8,3,2,28.8,76
2024,8,3,3,28.5,78
2024,8,3,4,28.3,80
2024,8,3,5,28.2,81
2024,8,3,6,28.9,76
2024,8,3,7,29.8,72
2024,8,3,8,30,70
2024,8,3,9,31.4,66
2024,8,3,10,32.8,60
2024,8,3,11,34.6,56
2024,8,3,12,34.2,55
2024,8,3,13,36.6,51
2024,8,3,14,35.6,51
2024,8,3,15,35.9,53
2024,8,3,16,35,55
2024,8,3,17,33.9,60
2024,8,3,18,32,67
2024,8,3,19,31,69
2024,8,3,20,30.2,72
2024,8,3,21,29.9,73
2024,8,3,22,29.7,74
2024,8,3,23,29.6,73
2024,8,4,0,29.4,75
2024,8,4,1,29.4,74
2024,8,4,2,28.9,78
2024,8,4,3,28.7,81
2024,8,4,4,28.3,83
2024,8,4,5,28.2,83
2024,8,4,6,28.6,82
2024,8,4,7,29.3,79
2024,8,4,8,29.9,76
2024,8,4,9,31.8,71
2024,8,4,10,33.6,62
2024,8,4,11,35.7,54
2024,8,4,12,34.6,54
2024,8,4,13,37.2,46
2024,8,4,14,36,50
2024,8,4,15,37.2,50
2024,8,4,16,36.4,49
2024,8,4,17,35.4,49
2024,8,4,18,34.3,55
2024,8,4,19,32.8,59
2024,8,4,20,31.5,66
2024,8,4,21,30.6,70
2024,8,4,22,30.1,73
2024,8,4,23,29.4,81
2024,8,5,0,29.3,82
2024,8,5,1,29.2,82
2024,8,5,2,29.1,83
2024,8,5,3,29,82
2024,8,5,4,28.8,84
2024,8,5,5,28.7,84
2024,8,5,6,28.8,80
2024,8,5,7,29.7,76
2024,8,5,8,31.1,70
2024,8,5,9,32.3,66
2024,8,5,10,34.1,59
2024,8,5,11,34.4,54
2024,8,5,12,35.8,50
2024,8,5,13,38,44
2024,8,5,14,38.3,45
2024,8,5,15,37,48
2024,8,5,16,33.4,65
2024,8,5,17,32.4,67
2024,8,5,18,31.5,71
2024,8,5,19,30.9,72
2024,8,5,20,30.5,74
2024,8,5,21,30.1,77
2024,8,5,22,29.9,76
2024,8,5,23,29.6,76
2024,8,6,0,29.5,77
2024,8,6,1,29.4,79
2024,8,6,2,29.2,79
2024,8,6,3,29.1,79
2024,8,6,4,28.9,80
2024,8,6,5,29,80
2024,8,6,6,28.9,80
2024,8,6,7,28.9,79
2024,8,6,8,29.9,75
2024,8,6,9,30.7,72
2024,8,6,10,33,64
2024,8,6,11,32.3,65
2024,8,6,12,33.9,59
2024,8,6,13,33,60
2024,8,6,14,35.4,53
2024,8,6,15,36.3,43
2024,8,6,16,35.2,54
2024,8,6,17,34,59
2024,8,6,18,33.2,60
2024,8,6,19,31.8,67
2024,8,6,20,30.9,72
2024,8,6,21,30.4,73
2024,8,6,22,29.8,76
2024,8,6,23,29.6,72
2024,8,7,0,29.3,76
2024,8,7,1,29.2,78
2024,8,7,2,29.1,77
2024,8,7,3,28.8,79
2024,8,7,4,28.9,76
2024,8,7,5,28.3,75
2024,8,7,6,28.5,74
2024,8,7,7,29,74
2024,8,7,8,30.3,73
2024,8,7,9,31.7,68
2024,8,7,10,33,60
2024,8,7,11,34.2,53
2024,8,7,12,36.3,46
2024,8,7,13,36,44
2024,8,7,14,37,41
2024,8,7,15,36.7,42
2024,8,7,16,35.8,42
2024,8,7,17,35.3,42
2024,8,7,18,34,50
2024,8,7,19,32.2,55
2024,8,7,20,30.9,60
2024,8,7,21,30.2,62
2024,8,7,22,29.7,63
2024,8,7,23,29.1,65
2024,8,8,0,28.9,66
2024,8,8,1,28.6,67
2024,8,8,2,28.3,68
2024,8,8,3,27.9,70
2024,8,8,4,27.4,72
2024,8,8,5,27.2,74
2024,8,8,6,27.1,74
2024,8,8,7,28.4,70
2024,8,8,8,29.8,66
2024,8,8,9,30.6,63
2024,8,8,10,32.9,58
2024,8,8,11,33.8,53
2024,8,8,12,35.6,47
2024,8,8,13,36.2,46
2024,8,8,14,36.9,43
2024,8,8,15,35.2,48
2024,8,8,16,36.1,45
2024,8,8,17,35.2,46
2024,8,8,18,34.5,47
2024,8,8,19,33.9,51
2024,8,8,20,32.5,55
2024,8,8,21,31,67
2024,8,8,22,30.1,70
2024,8,8,23,29.9,68
2024,8,9,0,29.4,70
2024,8,9,1,29,73
2024,8,9,2,28.9,75
2024,8,9,3,28.4,76
2024,8,9,4,28.7,73
2024,8,9,5,28.5,73
2024,8,9,6,28.7,73
2024,8,9,7,29.4,70
2024,8,9,8,31.2,66
2024,8,9,9,31.7,60
2024,8,9,10,34.1,55
2024,8,9,11,35.4,47
2024,8,9,12,36.7,45
2024,8,9,13,38.6,37
2024,8,9,14,38.7,38
2024,8,9,15,38.4,39
2024,8,9,16,37.5,40
2024,8,9,17,35.5,46
2024,8,9,18,34.1,51
2024,8,9,19,32.3,59
2024,8,9,20,31.8,59
2024,8,9,21,31.3,59
2024,8,9,22,30.5,67
2024,8,9,23,30.4,67
2024,8,10,0,29.9,65
2024,8,10,1,29.4,67
2024,8,10,2,29.3,67
2024,8,10,3,28.9,69
2024,8,10,4,28.3,70
2024,8,10,5,27.9,71
2024,8,10,6,28.2,68
2024,8,10,7,29,64
2024,8,10,8,30.8,56
2024,8,10,9,31.7,51
2024,8,10,10,33.1,51
2024,8,10,11,34.3,49
2024,8,10,12,34.8,45
2024,8,10,13,35.6,45
2024,8,10,14,36.6,41
2024,8,10,15,37,40
2024,8,10,16,36.8,44
2024,8,10,17,35.3,48
2024,8,10,18,33.7,52
2024,8,10,19,31.9,60
2024,8,10,20,31.2,62
2024,8,10,21,30.6,63
2024,8,10,22,29.8,65
2024,8,10,23,29.5,65
2024,8,11,0,29.2,66
2024,8,11,1,29,67
2024,8,11,2,28.5,68
2024,8,11,3,28,70
2024,8,11,4,27.7,70
2024,8,11,5,27.4,70
2024,8,11,6,27.5,70
2024,8,11,7,28.6,66
2024,8,11,8,29.7,61
2024,8,11,9,31.1,57
2024,8,11,10,34.3,50
2024,8,11,11,35.3,41
2024,8,11,12,37.5,40
2024,8,11,13,36.2,39
2024,8,11,14,36.6,40
2024,8,11,15,38,39
2024,8,11,16,36.9,39
2024,8,11,17,35.2,48
2024,8,11,18,33.6,52
2024,8,11,19,32,58
2024,8,11,20,30.8,62
2024,8,11,21,30.3,63
2024,8,11,22,29.9,64
2024,8,11,23,29.5,65
2024,8,12,0,29.2,66
2024,8,12,1,29,66
2024,8,12,2,28.6,68
2024,8,12,3,28.2,70
2024,8,12,4,28,71
2024,8,12,5,27.8,72
2024,8,12,6,27.9,72
2024,8,12,7,29,66
2024,8,12,8,30.4,61
2024,8,12,9,32,53
2024,8,12,10,33.7,51
2024,8,12,11,35.4,46
2024,8,12,12,35.9,42
2024,8,12,13,37.1,43
2024,8,12,14,37.3,41
2024,8,12,15,37,41
2024,8,12,16,36.7,38
2024,8,12,17,35.9,41
2024,8,12,18,34.3,48
2024,8,12,19,32.1,59
2024,8,12,20,31.4,64
2024,8,12,21,31,65
2024,8,12,22,30.4,73
2024,8,12,23,29.8,76
2024,8,13,0,29.4,79
2024,8,13,1,29.1,78
2024,8,13,2,29.2,76
2024,8,13,3,29,75
2024,8,13,4,28.9,78
2024,8,13,5,28.6,79
2024,8,13,6,28.8,77
2024,8,13,7,29.5,72
2024,8,13,8,30,74
2024,8,13,9,32.5,63
2024,8,13,10,33.6,55
2024,8,13,11,33.6,56
2024,8,13,12,35.1,48
2024,8,13,13,36.6,49
2024,8,13,14,35.9,51
2024,8,13,15,36.4,45
2024,8,13,16,36,44
2024,8,13,17,34.5,46
2024,8,13,18,33.2,48
2024,8,13,19,32,54
2024,8,13,20,31.1,62
2024,8,13,21,30.2,68
2024,8,13,22,29.9,71
2024,8,13,23,29.6,73
2024,8,14,0,29.4,75
2024,8,14,1,29.1,76
2024,8,14,2,28.8,77
2024,8,14,3,28.5,77
2024,8,14,4,28.5,77
2024,8,14,5,28.4,75
2024,8,14,6,28.2,78
2024,8,14,7,29.2,75
2024,8,14,8,30.8,68
2024,8,14,9,32.5,63
2024,8,14,10,32.5,59
2024,8,14,11,34,52
2024,8,14,12,35.3,49
2024,8,14,13,35.5,49
2024,8,14,14,37.3,45
2024,8,14,15,36.6,42
2024,8,14,16,34.1,49
2024,8,14,17,33.6,45
2024,8,14,18,32.7,54
2024,8,14,19,31.9,63
2024,8,14,20,31.1,71
2024,8,14,21,30.7,73
2024,8,14,22,30.4,74
2024,8,14,23,30.3,73
2024,8,15,0,29.9,74
2024,8,15,1,30,74
2024,8,15,2,29.4,78
2024,8,15,3,28.9,81
2024,8,15,4,28.8,81
2024,8,15,5,28.8,80
2024,8,15,6,29,78
2024,8,15,7,29,78
2024,8,15,8,30.1,73
2024,8,15,9,32.2,68
2024,8,15,10,32.1,59
2024,8,15,11,34.7,53
2024,8,15,12,33.7,54
2024,8,15,13,35.7,48
2024,8,15,14,36.7,48
2024,8,15,15,36.4,46
2024,8,15,16,30.5,66
2024,8,15,17,27.6,86
2024,8,15,18,29.4,78
2024,8,15,19,29.7,76
2024,8,15,20,29.2,76
2024,8,15,21,28,84
2024,8,15,22,28.6,79
2024,8,15,23,28,84
2024,8,16,0,27.8,85
2024,8,16,1,27.7,88
2024,8,16,2,27.5,88
2024,8,16,3,27.3,85
2024,8,16,4,27,87
2024,8,16,5,27.4,83
2024,8,16,6,27.3,83
2024,8,16,7,28.4,78
2024,8,16,8,30.5,71
2024,8,16,9,32.3,62
2024,8,16,10,33.7,59
2024,8,16,11,35.2,54
2024,8,16,12,36.3,50
2024,8,16,13,36.7,48
2024,8,16,14,36.6,49
2024,8,16,15,36.1,51
2024,8,16,16,35.5,52
2024,8,16,17,33.8,56
2024,8,16,18,32.2,62
2024,8,16,19,30.9,66
2024,8,16,20,30.3,67
2024,8,16,21,30.1,67
2024,8,16,22,29.6,69
2024,8,16,23,29.4,70
2024,8,17,0,29.2,71
2024,8,17,1,28.8,73
2024,8,17,2,28.7,73
2024,8,17,3,28.4,74
2024,8,17,4,28.3,75
2024,8,17,5,28.3,75
2024,8,17,6,28.7,74
2024,8,17,7,29.9,69
2024,8,17,8,31.8,62
2024,8,17,9,32.9,58
2024,8,17,10,34.9,54
2024,8,17,11,36,52
2024,8,17,12,35.6,51
2024,8,17,13,37.6,45
2024,8,17,14,37.7,45
2024,8,17,15,37.2,45
2024,8,17,16,36.4,49
2024,8,17,17,35.2,53
2024,8,17,18,33.1,58
2024,8,17,19,31.7,62
2024,8,17,20,30.9,65
2024,8,17,21,30.5,66
2024,8,17,22,29.9,68
2024,8,17,23,29.7,68
2024,8,18,0,29.4,69
2024,8,18,1,29,71
2024,8,18,2,28.8,71
2024,8,18,3,28.6,71
2024,8,18,4,28.6,72
2024,8,18,5,28.3,75
2024,8,18,6,28.3,74
2024,8,18,7,28.9,72
2024,8,18,8,30.5,64
2024,8,18,9,31.3,61
2024,8,18,10,33.1,57
2024,8,18,11,33.5,55
2024,8,18,12,34.3,50
2024,8,18,13,35.1,48
2024,8,18,14,35.1,49
2024,8,18,15,35.9,45
2024,8,18,16,35.8,45
2024,8,18,17,35.2,46
2024,8,18,18,33.2,55
2024,8,18,19,31.7,68
2024,8,18,20,30.8,70
2024,8,18,21,30.5,73
2024,8,18,22,30,77
2024,8,18,23,29.6,78
2024,8,19,0,29.4,77
2024,8,19,1,29.7,74
2024,8,19,2,29.5,75
2024,8,19,3,29,76
2024,8,19,4,28.6,80
2024,8,19,5,28.2,82
2024,8,19,6,28.9,78
2024,8,19,7,30.3,70
2024,8,19,8,31.1,67
2024,8,19,9,31.4,67
2024,8,19,10,31.8,67
2024,8,19,11,32.5,64
2024,8,19,12,32.2,64
2024,8,19,13,33.3,61
2024,8,19,14,33.1,58
2024,8,19,15,33.2,55
2024,8,19,16,33,57
2024,8,19,17,32.3,58
2024,8,19,18,31.6,64
2024,8,19,19,31,61
2024,8,19,20,30.7,64
2024,8,19,21,30.5,66
2024,8,19,22,30.5,67
2024,8,19,23,29,80
2024,8,20,0,27.9,85
2024,8,20,1,27.9,84
2024,8,20,2,27.1,89
2024,8,20,3,26.9,91
2024,8,20,4,26,95
2024,8,20,5,25,96
2024,8,20,6,22.5,98
2024,8,20,7,22.5,98
2024,8,20,8,23.5,98
2024,8,20,9,24.9,92
2024,8,20,10,25.4,89
2024,8,20,11,25.7,90
2024,8,20,12,27.2,77
2024,8,20,13,29.5,67
2024,8,20,14,30.8,62
2024,8,20,15,32,56
2024,8,20,16,31.4,60
2024,8,20,17,32,60
2024,8,20,18,30.7,69
2024,8,20,19,29.7,74
2024,8,20,20,29.1,81
2024,8,20,21,29,81
2024,8,20,22,29.1,74
2024,8,20,23,28.7,75
2024,8,21,0,28.5,77
2024,8,21,1,27.9,80
2024,8,21,2,27.6,81
2024,8,21,3,27,85
2024,8,21,4,26.9,85
2024,8,21,5,26.8,86
2024,8,21,6,27.2,82
2024,8,21,7,27.7,81
2024,8,21,8,29.6,69
2024,8,21,9,31.2,61
2024,8,21,10,33,55
2024,8,21,11,34.3,51
2024,8,21,12,34.3,47
2024,8,21,13,36,45
2024,8,21,14,36.1,45
2024,8,21,15,36.1,44
2024,8,21,16,35.6,51
2024,8,21,17,34.1,54
2024,8,21,18,32.6,62
2024,8,21,19,31,69
2024,8,21,20,30,78
2024,8,21,21,29.6,80
2024,8,21,22,29.4,81
2024,8,21,23,29,83
2024,8,22,0,28.9,84
2024,8,22,1,28.6,85
2024,8,22,2,28.4,85
2024,8,22,3,28.1,84
2024,8,22,4,28,84
2024,8,22,5,28.2,82
2024,8,22,6,28.4,81
2024,8,22,7,28.8,81
2024,8,22,8,29.6,78
2024,8,22,9,30.9,72
2024,8,22,10,32.3,65
2024,8,22,11,32.9,61
2024,8,22,12,34.3,59
2024,8,22,13,33.6,61
2024,8,22,14,34.5,58
2024,8,22,15,33.5,62
2024,8,22,16,33.8,57
2024,8,22,17,32,66
2024,8,22,18,31.5,70
2024,8,22,19,30.9,70
2024,8,22,20,30,78
2024,8,22,21,29.7,78
2024,8,22,22,29.5,80
2024,8,22,23,29.4,82
2024,8,23,0,29.2,83
2024,8,23,1,28.8,88
2024,8,23,2,28.3,87
2024,8,23,3,28,87
2024,8,23,4,27.9,87
2024,8,23,5,28,87
2024,8,23,6,28.1,87
2024,8,23,7,29.5,82
2024,8,23,8,30.1,78
2024,8,23,9,28.2,86
2024,8,23,10,27.2,89
2024,8,23,11,31.4,77
2024,8,23,12,33.9,64
2024,8,23,13,32.2,68
2024,8,23,14,35.3,61
2024,8,23,15,34.8,55
2024,8,23,16,33,64
2024,8,23,17,32.1,65
2024,8,23,18,31.1,71
2024,8,23,19,30.3,76
2024,8,23,20,29.7,81
2024,8,23,21,29.4,82
2024,8,23,22,29.2,83
2024,8,23,23,29.1,85
2024,8,24,0,29,85
2024,8,24,1,28.8,85
2024,8,24,2,28.7,86
2024,8,24,3,28.5,88
2024,8,24,4,28.2,89
2024,8,24,5,28.2,88
2024,8,24,6,28.3,87
2024,8,24,7,28.7,85
2024,8,24,8,29.3,83
2024,8,24,9,30.3,80
2024,8,24,10,31.6,70
2024,8,24,11,32.9,64
2024,8,24,12,34.3,60
2024,8,24,13,34.2,61
2024,8,24,14,35.7,54
2024,8,24,15,34.6,58
2024,8,24,16,34.5,58
2024,8,24,17,33.6,60
2024,8,24,18,32.3,64
2024,8,24,19,30.9,75
2024,8,24,20,30,79
2024,8,24,21,29.6,82
2024,8,24,22,28.4,89
2024,8,24,23,24,98
2024,8,25,0,23.6,96
2024,8,25,1,23.8,96
2024,8,25,2,24.6,96
2024,8,25,3,24.5,96
2024,8,25,4,24.9,96
2024,8,25,5,25.1,95
2024,8,25,6,25,97
2024,8,25,7,25.6,93
2024,8,25,8,26.9,85
2024,8,25,9,28.3,79
2024,8,25,10,30,78
2024,8,25,11,32.3,67
2024,8,25,12,31.9,67
2024,8,25,13,30.8,72
2024,8,25,14,28.3,81
2024,8,25,15,28.8,80
2024,8,25,16,30.1,71
2024,8,25,17,29.8,77
2024,8,25,18,29.4,77
2024,8,25,19,28.8,80
2024,8,25,20,28.5,82
2024,8,25,21,28,85
2024,8,25,22,27.5,85
2024,8,25,23,26.6,88
2024,8,26,0,26.9,87
2024,8,26,1,25.9,92
2024,8,26,2,25.4,96
2024,8,26,3,25.4,99
2024,8,26,4,25.2,97
2024,8,26,5,25.3,95
2024,8,26,6,25.1,96
2024,8,26,7,26,92
2024,8,26,8,28.3,82
2024,8,26,9,30.2,72
2024,8,26,10,31.5,65
2024,8,26,11,31.4,61
2024,8,26,12,31.9,59
2024,8,26,13,32.7,59
2024,8,26,14,33.5,57
2024,8,26,15,33.6,56
2024,8,26,16,32.3,60
2024,8,26,17,31.5,59
2024,8,26,18,30.5,63
2024,8,26,19,28.7,80
2024,8,26,20,27,89
2024,8,26,21,26.7,92
2024,8,26,22,27.2,89
2024,8,26,23,24.8,91
2024,8,27,0,24.2,96
2024,8,27,1,24.4,97
2024,8,27,2,24.8,95
2024,8,27,3,24.6,96
2024,8,27,4,24.5,97
2024,8,27,5,24.3,97
2024,8,27,6,24.4,96
2024,8,27,7,24.7,94
2024,8,27,8,24.9,94
2024,8,27,9,25.1,93
2024,8,27,10,26.5,91
2024,8,27,11,25.7,96
2024,8,27,12,28.4,81
2024,8,27,13,29.9,75
2024,8,27,14,29.8,75
2024,8,27,15,31.3,72
2024,8,27,16,30.7,71
2024,8,27,17,29.5,76
2024,8,27,18,28.8,77
2024,8,27,19,28.1,80
2024,8,27,20,27.5,82
2024,8,27,21,27.3,83
2024,8,27,22,26.9,83
2024,8,27,23,26.6,85
2024,8,28,0,26.4,85
2024,8,28,1,26.7,82
2024,8,28,2,26.4,82
2024,8,28,3,26.2,84
2024,8,28,4,26.2,83
2024,8,28,5,25.3,92
2024,8,28,6,25.2,94
2024,8,28,7,25.4,93
2024,8,28,8,25.1,94
2024,8,28,9,26.1,87
2024,8,28,10,26.5,78
2024,8,28,11,28,74
2024,8,28,12,28.8,68
2024,8,28,13,28.4,69
2024,8,28,14,28.4,71
2024,8,28,15,28.4,67
2024,8,28,16,28.3,65
2024,8,28,17,28.1,66
2024,8,28,18,27.3,68
2024,8,28,19,26.7,73
2024,8,28,20,27.1,72
2024,8,28,21,26.8,76
2024,8,28,22,26.9,77
2024,8,28,23,26.4,81
2024,8,29,0,26.3,80
2024,8,29,1,26.1,82
2024,8,29,2,25.7,82
2024,8,29,3,25.8,81
2024,8,29,4,25.7,82
2024,8,29,5,26,82
2024,8,29,6,25.6,87
2024,8,29,7,25.2,88
2024,8,29,8,24.4,93
2024,8,29,9,23.7,96
2024,8,29,10,23.4,96
2024,8,29,11,23.2,95
2024,8,29,12,24,93
2024,8,29,13,23.3,96
2024,8,29,14,23.3,97
2024,8,29,15,23.4,98
2024,8,29,16,23.7,96
2024,8,29,17,24.3,94
2024,8,29,18,23.8,98
2024,8,29,19,23.7,98
2024,8,29,20,24,97
2024,8,29,21,24.1,97
2024,8,29,22,23.9,98
2024,8,29,23,24,98
2024,8,30,0,24,99
2024,8,30,1,24.2,99
2024,8,30,2,24.5,97
2024,8,30,3,24.5,97
2024,8,30,4,24.8,97
2024,8,30,5,24.9,96
2024,8,30,6,25,94
2024,8,30,7,26.6,90
2024,8,30,8,27.9,86
2024,8,30,9,27.8,87
2024,8,30,10,28.1,87
2024,8,30,11,30.3,79
2024,8,30,12,29.1,85
2024,8,30,13,28.9,85
2024,8,30,14,31.5,77
2024,8,30,15,31.6,71
2024,8,30,16,30,75
2024,8,30,17,29.5,79
2024,8,30,18,27.4,93
2024,8,30,19,27.4,90
2024,8,30,20,27.4,88
2024,8,30,21,27.2,88
2024,8,30,22,26.3,94
2024,8,30,23,26.7,91
2024,8,31,0,26.7,91
2024,8,31,1,26.4,92
2024,8,31,2,26.7,90
2024,8,31,3,26.8,89
2024,8,31,4,27.1,87
2024,8,31,5,26.4,91
2024,8,31,6,26.1,93
2024,8,31,7,25.6,98
2024,8,31,8,25.7,97
2024,8,31,9,25.6,98
2024,8,31,10,25.9,98
2024,8,31,11,26.7,95
2024,8,31,12,25,90
2024,8,31,13,24.6,94
2024,8,31,14,24.1,97
2024,8,31,15,24.5,96
2024,8,31,16,24.8,91
2024,8,31,17,24.5,93
2024,8,31,18,25,89
2024,8,31,19,24.6,91
2024,8,31,20,24.2,92
2024,8,31,21,24.2,91
2024,8,31,22,24.3,91
2024,8,31,23,24.3,89
2024,9,1,0,23.7,93
2024,9,1,1,23.6,93
2024,9,1,2,23.8,92
2024,9,1,3,23.7,93
2024,9,1,4,23.9,90
2024,9,1,5,23.2,97
2024,9,1,6,22.9,97
2024,9,1,7,23.7,96
2024,9,1,8,24.5,93
2024,9,1,9,24.6,91
2024,9,1,10,26.3,80
2024,9,1,11,28.1,71
2024,9,1,12,29.9,66
2024,9,1,13,31.6,66
2024,9,1,14,32.3,65
2024,9,1,15,30.4,73
2024,9,1,16,28,87
2024,9,1,17,27.3,90
2024,9,1,18,27.1,91
2024,9,1,19,27.3,87
2024,9,1,20,26.3,93
2024,9,1,21,26.4,90
2024,9,1,22,26.5,90
2024,9,1,23,26.4,93
2024,9,2,0,26.3,97
2024,9,2,1,25.7,97
2024,9,2,2,26.5,96
2024,9,2,3,26.5,97
2024,9,2,4,26.3,97
2024,9,2,5,26,99
2024,9,2,6,26,98
2024,9,2,7,26.7,95
2024,9,2,8,28.2,91
2024,9,2,9,29.1,86
2024,9,2,10,29.9,77
2024,9,2,11,31.7,70
2024,9,2,12,32.3,65
2024,9,2,13,32.2,66
2024,9,2,14,32.5,63
2024,9,2,15,33,60
2024,9,2,16,31.8,63
2024,9,2,17,30.5,71
2024,9,2,18,29.2,76
2024,9,2,19,28.8,79
2024,9,2,20,28.9,79
2024,9,2,21,28.4,82
2024,9,2,22,28.1,85
2024,9,2,23,28,85
2024,9,3,0,26.8,89
2024,9,3,1,26.4,86
2024,9,3,2,26.2,87
2024,9,3,3,26,85
2024,9,3,4,25.4,89
2024,9,3,5,25.1,90
2024,9,3,6,24.9,89
2024,9,3,7,25.9,86
2024,9,3,8,28.1,73
2024,9,3,9,28.7,64
2024,9,3,10,28.9,62
2024,9,3,11,29.5,60
2024,9,3,12,30.7,58
2024,9,3,13,30.4,54
2024,9,3,14,30.1,54
2024,9,3,15,30.1,60
2024,9,3,16,29.2,61
2024,9,3,17,28.9,63
2024,9,3,18,28.9,63
2024,9,3,19,28.1,68
2024,9,3,20,27.6,75
2024,9,3,21,27,76
2024,9,3,22,26.5,79
2024,9,3,23,26.3,80
2024,9,4,0,26,84
2024,9,4,1,26,78
2024,9,4,2,25.4,81
2024,9,4,3,25.2,84
2024,9,4,4,24.5,88
2024,9,4,5,24.9,86
2024,9,4,6,24.3,88
2024,9,4,7,25.1,86
2024,9,4,8,26.5,78
2024,9,4,9,27.5,70
2024,9,4,10,28.9,63
2024,9,4,11,30.3,59
2024,9,4,12,32.6,56
2024,9,4,13,32,57
2024,9,4,14,31.2,53
2024,9,4,15,32.1,50
2024,9,4,16,31.9,50
2024,9,4,17,30.7,55
2024,9,4,18,30,59
2024,9,4,19,28.7,66
2024,9,4,20,27.6,74
2024,9,4,21,27,76
2024,9,4,22,26.7,78
2024,9,4,23,26.3,79
2024,9,5,0,25.8,82
2024,9,5,1,25.5,83
2024,9,5,2,25.6,83
2024,9,5,3,25.6,81
2024,9,5,4,25.4,84
2024,9,5,5,24.9,85
2024,9,5,6,24.7,87
2024,9,5,7,26.1,81
2024,9,5,8,27.5,73
2024,9,5,9,28.3,70
2024,9,5,10,30.2,61
2024,9,5,11,31.6,59
2024,9,5,12,31.4,54
2024,9,5,13,31.4,55
2024,9,5,14,32,52
2024,9,5,15,33.2,47
2024,9,5,16,33.6,46
2024,9,5,17,32.3,50
2024,9,5,18,30.8,59
2024,9,5,19,29.5,67
2024,9,5,20,28.2,78
2024,9,5,21,27.5,81
2024,9,5,22,27.1,83
2024,9,5,23,26.7,84
2024,9,6,0,26.3,84
2024,9,6,1,25.9,85
2024,9,6,2,26.7,81
2024,9,6,3,26.1,84
2024,9,6,4,25.5,87
2024,9,6,5,25.4,86
2024,9,6,6,25.3,85
2024,9,6,7,26.3,76
2024,9,6,8,27.1,74
2024,9,6,9,29,71
2024,9,6,10,30.9,59
2024,9,6,11,32.1,56
2024,9,6,12,31.8,51
2024,9,6,13,34.1,42
2024,9,6,14,33.7,44
2024,9,6,15,34.2,40
2024,9,6,16,33.8,39
2024,9,6,17,33.2,37
2024,9,6,18,32.2,45
2024,9,6,19,31,58
2024,9,6,20,30.3,64
2024,9,6,21,29.1,70
2024,9,6,22,28,76
2024,9,6,23,27.2,77
2024,9,7,0,26.9,75
2024,9,7,1,26.6,74
2024,9,7,2,26.6,74
2024,9,7,3,25.6,76
2024,9,7,4,25.9,77
2024,9,7,5,25.4,82
2024,9,7,6,25.4,79
2024,9,7,7,26.5,74
2024,9,7,8,28,69
2024,9,7,9,29.6,63
2024,9,7,10,31,57
2024,9,7,11,32.5,51
2024,9,7,12,34.1,40
2024,9,7,13,33.8,40
2024,9,7,14,34.3,42
2024,9,7,15,34.5,40
2024,9,7,16,34.4,44
2024,9,7,17,33.2,48
2024,9,7,18,32.1,55
2024,9,7,19,30.4,63
2024,9,7,20,29.4,68
2024,9,7,21,28.8,70
2024,9,7,22,28.5,67
2024,9,7,23,28,72
2024,9,8,0,27.7,73
2024,9,8,1,27.7,71
2024,9,8,2,27.5,70
2024,9,8,3,27.3,70
2024,9,8,4,26.7,73
2024,9,8,5,26.5,76
2024,9,8,6,26.3,77
2024,9,8,7,27.7,71
2024,9,8,8,28.5,67
2024,9,8,9,30.3,63
2024,9,8,10,31,60
2024,9,8,11,32.7,54
2024,9,8,12,33.3,49
2024,9,8,13,34.6,47
2024,9,8,14,35.3,45
2024,9,8,15,35.2,44
2024,9,8,16,33.7,51
2024,9,8,17,33.6,52
2024,9,8,18,31.8,61
2024,9,8,19,30.1,70
2024,9,8,20,29.2,74
2024,9,8,21,28.9,68
2024,9,8,22,28.5,73
2024,9,8,23,28,80
2024,9,9,0,27.8,81
2024,9,9,1,27.5,83
2024,9,9,2,27.6,80
2024,9,9,3,27.6,79
2024,9,9,4,27.1,80
2024,9,9,5,26.9,81
2024,9,9,6,27,78
2024,9,9,7,28,75
2024,9,9,8,29,73
2024,9,9,9,30.5,66
2024,9,9,10,31.3,59
2024,9,9,11,33.8,56
2024,9,9,12,34.6,51
2024,9,9,13,32.7,58
2024,9,9,14,33.4,55
2024,9,9,15,33.5,53
2024,9,9,16,32.5,58
2024,9,9,17,31.4,64
2024,9,9,18,30.1,71
2024,9,9,19,29.5,73
2024,9,9,20,29.1,72
2024,9,9,21,28.7,74
2024,9,9,22,28.5,75
2024,9,9,23,28.1,76
2024,9,10,0,28.1,73
2024,9,10,1,27.6,77
2024,9,10,2,27.5,77
2024,9,10,3,25.4,96
2024,9,10,4,25.8,90
2024,9,10,5,26.1,90
2024,9,10,6,26,90
2024,9,10,7,26.7,87
2024,9,10,8,27.9,82
2024,9,10,9,29.9,69
2024,9,10,10,31.1,65
2024,9,10,11,32.1,58
2024,9,10,12,32.6,57
2024,9,10,13,32.2,58
2024,9,10,14,31.7,62
2024,9,10,15,30.3,66
2024,9,10,16,30.1,71
2024,9,10,17,29.8,73
2024,9,10,18,29.6,73
2024,9,10,19,29.3,76
2024,9,10,20,28.7,80
2024,9,10,21,28.1,79
2024,9,10,22,28.1,79
2024,9,10,23,27.8,82
2024,9,11,0,27.3,86
2024,9,11,1,27.3,85
2024,9,11,2,27.1,86
2024,9,11,3,27.1,86
2024,9,11,4,26.6,89
2024,9,11,5,26.5,87
2024,9,11,6,26.6,89
2024,9,11,7,26.9,92
2024,9,11,8,28,82
2024,9,11,9,29.5,75
2024,9,11,10,31.4,70
2024,9,11,11,31.3,64
2024,9,11,12,32.6,61
2024,9,11,13,34.7,55
2024,9,11,14,33.5,56
2024,9,11,15,34.4,56
2024,9,11,16,33.8,57
2024,9,11,17,33,60
2024,9,11,18,31,73
2024,9,11,19,30.1,76
2024,9,11,20,29.4,77
2024,9,11,21,29,78
2024,9,11,22,28.7,81
2024,9,11,23,27.5,89
2024,9,12,0,27.8,86
2024,9,12,1,27.9,83
2024,9,12,2,28,80
2024,9,12,3,27.4,85
2024,9,12,4,27.1,86
2024,9,12,5,26.8,87
2024,9,12,6,26.9,86
2024,9,12,7,27.6,82
2024,9,12,8,28.6,76
2024,9,12,9,30.8,71
2024,9,12,10,31.7,63
2024,9,12,11,33.4,62
2024,9,12,12,33.9,57
2024,9,12,13,34.7,53
2024,9,12,14,34.1,57
2024,9,12,15,34.4,58
2024,9,12,16,33.5,60
2024,9,12,17,32,64
2024,9,12,18,30.4,73
2024,9,12,19,29.8,74
2024,9,12,20,29.6,72
2024,9,12,21,28.9,79
2024,9,12,22,28.7,81
2024,9,12,23,28.5,82
2024,9,13,0,28.5,81
2024,9,13,1,28.2,82
2024,9,13,2,27.7,83
2024,9,13,3,27.6,84
2024,9,13,4,27.3,84
2024,9,13,5,27,85
2024,9,13,6,27.1,85
2024,9,13,7,28.3,81
2024,9,13,8,29,78
2024,9,13,9,30.3,70
2024,9,13,10,31.9,64
2024,9,13,11,31.7,64
2024,9,13,12,32,64
2024,9,13,13,31.4,67
2024,9,13,14,32.4,63
2024,9,13,15,32.6,60
2024,9,13,16,32.5,55
2024,9,13,17,31.7,57
2024,9,13,18,30.6,62
2024,9,13,19,29.5,67
2024,9,13,20,28.7,76
2024,9,13,21,28.3,79
2024,9,13,22,27.9,81
2024,9,13,23,27.5,83
2024,9,14,0,27.1,83
2024,9,14,1,26.8,81
2024,9,14,2,26.7,80
2024,9,14,3,26.4,81
2024,9,14,4,26.3,80
2024,9,14,5,26,80
2024,9,14,6,26.1,78
2024,9,14,7,27.7,73
2024,9,14,8,28.4,73
2024,9,14,9,31,64
2024,9,14,10,31.5,60
2024,9,14,11,33.4,58
2024,9,14,12,33.5,55
2024,9,14,13,33.6,56
2024,9,14,14,33.9,52
2024,9,14,15,33.8,52
2024,9,14,16,32.1,59
2024,9,14,17,30.7,68
2024,9,14,18,29.9,74
2024,9,14,19,29.2,78
2024,9,14,20,28.9,80
2024,9,14,21,27.6,81
2024,9,14,22,26.2,93
2024,9,14,23,26.3,96
2024,9,15,0,26.4,96
2024,9,15,1,26.3,96
2024,9,15,2,26.2,95
2024,9,15,3,26.3,95
2024,9,15,4,26.4,93
2024,9,15,5,26.6,92
2024,9,15,6,26.6,93
2024,9,15,7,26.6,94
2024,9,15,8,26.7,93
2024,9,15,9,28.1,87
2024,9,15,10,28.9,83
2024,9,15,11,29.4,81
2024,9,15,12,30.5,75
2024,9,15,13,31.1,69
2024,9,15,14,31.3,68
2024,9,15,15,31.3,65
2024,9,15,16,31.1,66
2024,9,15,17,30.4,68
2024,9,15,18,29.7,76
2024,9,15,19,29.3,74
2024,9,15,20,28.9,78
2024,9,15,21,28.1,84
2024,9,15,22,27.8,85
2024,9,15,23,27.8,85
2024,9,16,0,27.8,85
2024,9,16,1,27.6,84
2024,9,16,2,26.3,93
2024,9,16,3,26.4,94
2024,9,16,4,26.7,92
2024,9,16,5,26.9,91
2024,9,16,6,26.7,89
2024,9,16,7,27,87
2024,9,16,8,27.9,83
2024,9,16,9,30.1,76
2024,9,16,10,31.2,68
2024,9,16,11,31.8,64
2024,9,16,12,33.4,59
2024,9,16,13,34.1,58
2024,9,16,14,32,67
2024,9,16,15,31.7,65
2024,9,16,16,31.7,65
2024,9,16,17,31.1,68
2024,9,16,18,30,68
2024,9,16,19,29.3,78
2024,9,16,20,28.8,82
2024,9,16,21,28.5,83
2024,9,16,22,28.3,84
2024,9,16,23,28,83
2024,9,17,0,28,81
2024,9,17,1,27.4,83
2024,9,17,2,27.2,81
2024,9,17,3,26.8,83
2024,9,17,4,26.6,84
2024,9,17,5,26.8,83
2024,9,17,6,26.8,82
2024,9,17,7,27.2,85
2024,9,17,8,27.6,78
2024,9,17,9,28.9,71
2024,9,17,10,30.3,64
2024,9,17,11,31.6,58
2024,9,17,12,31.9,58
2024,9,17,13,31.9,61
2024,9,17,14,33.7,56
2024,9,17,15,34.1,56
2024,9,17,16,33.2,56
2024,9,17,17,32.7,57
2024,9,17,18,31.5,59
2024,9,17,19,30.6,61
2024,9,17,20,29.1,74
2024,9,17,21,28.7,75
2024,9,17,22,28.1,81
2024,9,17,23,28,82
2024,9,18,0,28,81
2024,9,18,1,27.7,83
2024,9,18,2,27.5,84
2024,9,18,3,27.2,85
2024,9,18,4,27,86
2024,9,18,5,26.8,85
2024,9,18,6,27.1,83
2024,9,18,7,28.1,78
2024,9,18,8,29.3,74
2024,9,18,9,30.9,69
2024,9,18,10,32,65
2024,9,18,11,32.8,62
2024,9,18,12,33.5,59
2024,9,18,13,34.9,53
2024,9,18,14,34.4,55
2024,9,18,15,35.4,51
2024,9,18,16,34.8,54
2024,9,18,17,33.5,59
2024,9,18,18,32.7,65
2024,9,18,19,31.8,68
2024,9,18,20,31.4,70
2024,9,18,21,29.8,80
2024,9,18,22,29.5,80
2024,9,18,23,29.3,81
2024,9,19,0,29.1,81
2024,9,19,1,28.9,81
2024,9,19,2,29.1,80
2024,9,19,3,28.9,76
2024,9,19,4,29,77
2024,9,19,5,28.4,79
2024,9,19,6,28.1,84
2024,9,19,7,28.8,80
2024,9,19,8,30,74
2024,9,19,9,30.8,71
2024,9,19,10,32.8,63
2024,9,19,11,34,58
2024,9,19,12,34.2,56
2024,9,19,13,35.9,49
2024,9,19,14,35.3,49
2024,9,19,15,35.3,50
2024,9,19,16,32.6,62
2024,9,19,17,32.9,61
2024,9,19,18,32.8,60
2024,9,19,19,32,65
2024,9,19,20,31.2,70
2024,9,19,21,30.6,74
2024,9,19,22,30.3,75
2024,9,19,23,30.1,74
2024,9,20,0,29,79
2024,9,20,1,28.5,76
2024,9,20,2,28.7,75
2024,9,20,3,28.4,75
2024,9,20,4,27.6,76
2024,9,20,5,27.2,77
2024,9,20,6,26.9,80
2024,9,20,7,28,74
2024,9,20,8,29.6,65
2024,9,20,9,31,62
2024,9,20,10,33.3,56
2024,9,20,11,33.2,51
2024,9,20,12,36,46
2024,9,20,13,36.9,45
2024,9,20,14,37.1,40
2024,9,20,15,36.6,42
2024,9,20,16,35.9,45
2024,9,20,17,34.3,56
2024,9,20,18,32.4,60
2024,9,20,19,31.1,71
2024,9,20,20,30.4,77
2024,9,20,21,29.8,80
2024,9,20,22,29.3,81
2024,9,20,23,29,82
2024,9,21,0,28.7,81
2024,9,21,1,28.4,82
2024,9,21,2,27.9,83
2024,9,21,3,27.5,84
2024,9,21,4,27.2,86
2024,9,21,5,27.1,87
2024,9,21,6,27.2,84
2024,9,21,7,28,81
2024,9,21,8,29.3,74
2024,9,21,9,29.8,72
2024,9,21,10,30.8,67
2024,9,21,11,31,67
2024,9,21,12,31.2,65
2024,9,21,13,32.1,62
2024,9,21,14,32.1,61
2024,9,21,15,32.1,60
2024,9,21,16,31.7,56
2024,9,21,17,31.5,56
2024,9,21,18,31.2,56
2024,9,21,19,31,57
2024,9,21,20,30.7,60
2024,9,21,21,29.8,70
2024,9,21,22,29,76
2024,9,21,23,28.6,79
2024,9,22,0,28.1,80
2024,9,22,1,27.8,80
2024,9,22,2,27,87
2024,9,22,3,27.2,83
2024,9,22,4,27.4,85
2024,9,22,5,27.5,86
2024,9,22,6,27,92
2024,9,22,7,27,93
2024,9,22,8,27.5,90
2024,9,22,9,29.7,79
2024,9,22,10,29.6,70
2024,9,22,11,26.9,86
2024,9,22,12,26.8,87
2024,9,22,13,26.2,88
2024,9,22,14,26.8,86
2024,9,22,15,27.8,74
2024,9,22,16,27.9,73
2024,9,22,17,27.2,71
2024,9,22,18,26.3,70
2024,9,22,19,25.8,67
2024,9,22,20,25.2,68
2024,9,22,21,25,66
2024,9,22,22,24.8,64
2024,9,22,23,24.6,58
2024,9,23,0,23.6,59
2024,9,23,1,23.2,56
2024,9,23,2,23,56
2024,9,23,3,22.9,56
2024,9,23,4,22.5,57
2024,9,23,5,22.3,58
2024,9,23,6,21.6,60
2024,9,23,7,22.5,59
2024,9,23,8,24.3,55
2024,9,23,9,25.6,50
2024,9,23,10,26.8,48
2024,9,23,11,27.7,44
2024,9,23,12,28.8,43
2024,9,23,13,29.3,39
2024,9,23,14,29.8,39
2024,9,23,15,29.6,39
2024,9,23,16,29,43
2024,9,23,17,28.5,46
2024,9,23,18,26.9,57
2024,9,23,19,25.9,65
2024,9,23,20,25.2,73
2024,9,23,21,24.9,75
2024,9,23,22,24.6,73
2024,9,23,23,24.1,75
2024,9,24,0,24.3,69
2024,9,24,1,23.5,74
2024,9,24,2,23.4,76
2024,9,24,3,23.3,76
2024,9,24,4,22.6,80
2024,9,24,5,22.2,78
2024,9,24,6,22.3,76
2024,9,24,7,22.9,75
2024,9,24,8,23.9,71
2024,9,24,9,25.3,64
2024,9,24,10,25.5,64
2024,9,24,11,28.3,60
2024,9,24,12,26.6,66
2024,9,24,13,27.2,61
2024,9,24,14,27.2,58
2024,9,24,15,27.2,57
2024,9,24,16,27,56
2024,9,24,17,26.4,54
2024,9,24,18,25.7,53
2024,9,24,19,25,55
2024,9,24,20,24.3,54
2024,9,24,21,23.7,56
2024,9,24,22,23.3,57
2024,9,24,23,22.8,58
2024,9,25,0,22.5,58
2024,9,25,1,22.3,61
2024,9,25,2,21.8,66
2024,9,25,3,21.7,68
2024,9,25,4,21.8,69
2024,9,25,5,21.5,72
2024,9,25,6,21.6,72
2024,9,25,7,21.9,70
2024,9,25,8,23,65
2024,9,25,9,23.7,61
2024,9,25,10,25.7,53
2024,9,25,11,27.3,49
2024,9,25,12,26.9,50
2024,9,25,13,27.4,48
2024,9,25,14,28.9,47
2024,9,25,15,28.9,45
2024,9,25,16,29.1,46
2024,9,25,17,28,49
2024,9,25,18,27.5,52
2024,9,25,19,27.3,52
2024,9,25,20,27.3,51
2024,9,25,21,26.7,55
2024,9,25,22,26.1,61
2024,9,25,23,25.6,64
2024,9,26,0,25.2,70
2024,9,26,1,24.9,71
2024,9,26,2,24.4,73
2024,9,26,3,24.5,73
2024,9,26,4,24.2,72
2024,9,26,5,24,71
2024,9,26,6,24,72
2024,9,26,7,24.3,71
2024,9,26,8,24.8,72
2024,9,26,9,25.9,63
2024,9,26,10,27.6,57
2024,9,26,11,29.8,53
2024,9,26,12,31.8,46
2024,9,26,13,30.9,54
2024,9,26,14,31.2,53
2024,9,26,15,29.5,57
2024,9,26,16,29.5,58
2024,9,26,17,28.3,64
2024,9,26,18,27.7,69
2024,9,26,19,27.2,72
2024,9,26,20,26.8,75
2024,9,26,21,26.1,79
2024,9,26,22,24.9,88
2024,9,26,23,25.2,85
2024,9,27,0,25.2,83
2024,9,27,1,25.1,85
2024,9,27,2,25,87
2024,9,27,3,24.9,82
2024,9,27,4,24,91
2024,9,27,5,23.8,93
2024,9,27,6,23.5,97
2024,9,27,7,23.6,94
2024,9,27,8,24.3,91
2024,9,27,9,25.5,82
2024,9,27,10,26,80
2024,9,27,11,27.4,72
2024,9,27,12,28.4,67
2024,9,27,13,28.8,62
2024,9,27,14,30,62
2024,9,27,15,29.8,59
2024,9,27,16,29.1,65
2024,9,27,17,28,69
2024,9,27,18,27.1,73
2024,9,27,19,26.9,74
2024,9,27,20,26.5,78
2024,9,27,21,26,81
2024,9,27,22,26,83
2024,9,27,23,26,87
2024,9,28,0,25.7,86
2024,9,28,1,25.3,89
2024,9,28,2,25.2,88
2024,9,28,3,25.2,87
2024,9,28,4,25.5,82
2024,9,28,5,25.3,84
2024,9,28,6,25,88
2024,9,28,7,25.2,82
2024,9,28,8,25.2,78
2024,9,28,9,25.9,75
2024,9,28,10,26.7,67
2024,9,28,11,28.2,60
2024,9,28,12,28,58
2024,9,28,13,28.3,60
2024,9,28,14,28.5,60
2024,9,28,15,27.7,73
2024,9,28,16,25.9,80
2024,9,28,17,25.7,79
2024,9,28,18,25.2,82
2024,9,28,19,25.1,85
2024,9,28,20,24.1,96
2024,9,28,21,24.4,93
2024,9,28,22,24.6,91
2024,9,28,23,24.8,89
2024,9,29,0,23.1,99
2024,9,29,1,23.3,94
2024,9,29,2,23.3,97
2024,9,29,3,23.2,97
2024,9,29,4,22.2,98
2024,9,29,5,22.3,99
2024,9,29,6,22.2,98
2024,9,29,7,22.7,98
2024,9,29,8,23.8,93
2024,9,29,9,24.4,91
2024,9,29,10,24.4,87
2024,9,29,11,24,91
2024,9,29,12,25,83
2024,9,29,13,25.1,81
2024,9,29,14,25.2,78
2024,9,29,15,25.8,75
2024,9,29,16,25.5,77
2024,9,29,17,25.2,78
2024,9,29,18,25,78
2024,9,29,19,24.7,79
2024,9,29,20,24.6,80
2024,9,29,21,24,87
2024,9,29,22,23.3,90
2024,9,29,23,23.5,89
2024,9,30,0,23.3,90
2024,9,30,1,23.3,89
2024,9,30,2,22.8,92
2024,9,30,3,23,91
2024,9,30,4,23,91
2024,9,30,5,23,91
2024,9,30,6,22.8,92
2024,9,30,7,24,85
2024,9,30,8,24.4,77
2024,9,30,9,25.3,71
2024,9,30,10,27.2,63
2024,9,30,11,26.1,68
2024,9,30,12,28.9,59
2024,9,30,13,28,64
2024,9,30,14,29.3,58
2024,9,30,15,28,61
2024,9,30,16,27.6,63
2024,9,30,17,26.8,60
2024,9,30,18,26.1,61
2024,9,30,19,25.5,69
2024,9,30,20,24.8,73
2024,9,30,21,24.2,76
2024,9,30,22,23.9,77
2024,9,30,23,23.5,80
2024,10,1,0,23.6,80
2024,10,1,1,22.5,85
2024,10,1,2,22.5,85
2024,10,1,3,22.5,84
2024,10,1,4,21.8,87
2024,10,1,5,21.6,89
2024,10,1,6,21.7,90
2024,10,1,7,22.5,85
2024,10,1,8,23.9,79
2024,10,1,9,26.1,67
2024,10,1,10,27.8,60
2024,10,1,11,29.3,54
2024,10,1,12,31.2,48
2024,10,1,13,31.6,45
2024,10,1,14,31.8,45
2024,10,1,15,31.1,46
2024,10,1,16,30.5,48
2024,10,1,17,29.4,50
2024,10,1,18,28.1,55
2024,10,1,19,27.1,59
2024,10,1,20,26.6,59
2024,10,1,21,25.8,59
2024,10,1,22,25,60
2024,10,1,23,24.7,60
2024,10,2,0,24.2,62
2024,10,2,1,23.6,66
2024,10,2,2,23.3,66
2024,10,2,3,22.4,72
2024,10,2,4,21.8,78
2024,10,2,5,21.8,77
2024,10,2,6,21.2,82
2024,10,2,7,22,79
2024,10,2,8,23.3,74
2024,10,2,9,26,68
2024,10,2,10,27.8,59
2024,10,2,11,28.3,55
2024,10,2,12,29.9,51
2024,10,2,13,30.7,45
2024,10,2,14,30.4,45
2024,10,2,15,30.6,46
2024,10,2,16,30.7,43
2024,10,2,17,29.5,49
2024,10,2,18,28.6,56
2024,10,2,19,27.7,59
2024,10,2,20,27.5,60
2024,10,2,21,26.6,68
2024,10,2,22,26.4,66
2024,10,2,23,25.5,66
2024,10,3,0,24.9,69
2024,10,3,1,24.9,72
2024,10,3,2,24.7,73
2024,10,3,3,24.7,72
2024,10,3,4,24.6,74
2024,10,3,5,24.2,79
2024,10,3,6,24.4,76
2024,10,3,7,24.1,76
2024,10,3,8,25.8,67
2024,10,3,9,25.7,66
2024,10,3,10,25.4,75
2024,10,3,11,23.5,91
2024,10,3,12,23.3,92
2024,10,3,13,23.1,94
2024,10,3,14,22.8,97
2024,10,3,15,23.7,98
2024,10,3,16,25,95
2024,10,3,17,24.4,96
2024,10,3,18,23.7,96
2024,10,3,19,23.6,98
2024,10,3,20,23.8,98
2024,10,3,21,24.1,97
2024,10,3,22,24.6,97
2024,10,3,23,24.9,97
2024,10,4,0,24.9,97
2024,10,4,1,24.9,98
2024,10,4,2,24.8,98
2024,10,4,3,24.6,99
2024,10,4,4,24.5,99
2024,10,4,5,24.5,99
2024,10,4,6,24,98
2024,10,4,7,24.3,96
2024,10,4,8,25,95
2024,10,4,9,25.8,91
2024,10,4,10,26.1,89
2024,10,4,11,26.3,86
2024,10,4,12,25.6,90
2024,10,4,13,25,93
2024,10,4,14,22.6,93
2024,10,4,15,22.8,92
2024,10,4,16,22.9,90
2024,10,4,17,22.7,94
2024,10,4,18,22.6,92
2024,10,4,19,22.2,92
2024,10,4,20,21.4,95
2024,10,4,21,21.4,94
2024,10,4,22,21.3,89
2024,10,4,23,21,88
2024,10,5,0,20.8,86
2024,10,5,1,20.8,82
2024,10,5,2,20.8,82
2024,10,5,3,20.6,81
2024,10,5,4,20.5,81
2024,10,5,5,20.4,81
2024,10,5,6,19.9,84
2024,10,5,7,20.4,83
2024,10,5,8,22.3,71
2024,10,5,9,22.5,71
2024,10,5,10,22.8,68
2024,10,5,11,24.4,64
2024,10,5,12,25.4,62
2024,10,5,13,26,60
2024,10,5,14,27.1,56
2024,10,5,15,27.4,56
2024,10,5,16,27.5,55
2024,10,5,17,26.8,58
2024,10,5,18,26.1,58
2024,10,5,19,25,62
2024,10,5,20,24.3,64
2024,10,5,21,23.7,66
2024,10,5,22,23.5,68
2024,10,5,23,22.8,70
2024,10,6,0,21.7,80
2024,10,6,1,21.5,88
2024,10,6,2,21.6,89
2024,10,6,3,21.6,87
2024,10,6,4,20.2,95
2024,10,6,5,20.8,94
2024,10,6,6,20.7,95
2024,10,6,7,21.4,95
2024,10,6,8,21.9,92
2024,10,6,9,23.2,90
2024,10,6,10,24.2,85
2024,10,6,11,25.2,77
2024,10,6,12,26.4,76
2024,10,6,13,27.6,68
2024,10,6,14,27.8,67
2024,10,6,15,28.6,64
2024,10,6,16,28.3,63
2024,10,6,17,26.7,74
2024,10,6,18,25.7,79
2024,10,6,19,25.1,83
2024,10,6,20,24.8,84
2024,10,6,21,24.5,86
2024,10,6,22,24.6,87
2024,10,6,23,24.1,89
2024,10,7,0,23.5,92
2024,10,7,1,23.5,92
2024,10,7,2,23.5,92
2024,10,7,3,23.5,92
2024,10,7,4,23.6,91
2024,10,7,5,23.5,90
2024,10,7,6,23.7,88
2024,10,7,7,23.4,91
2024,10,7,8,23,95
2024,10,7,9,23.4,93
2024,10,7,10,25.7,87
2024,10,7,11,26.9,77
2024,10,7,12,28.4,72
2024,10,7,13,28.2,67
2024,10,7,14,27.9,70
2024,10,7,15,27.6,71
2024,10,7,16,27.3,73
2024,10,7,17,23,91
2024,10,7,18,23,94
2024,10,7,19,23,87
2024,10,7,20,22.2,89
2024,10,7,21,21.6,93
2024,10,7,22,21.2,94
2024,10,7,23,21.1,94
2024,10,8,0,21.2,94
2024,10,8,1,21.1,91
2024,10,8,2,20.9,92
2024,10,8,3,20.9,92
2024,10,8,4,20.3,96
2024,10,8,5,20.5,95
2024,10,8,6,20.3,95
2024,10,8,7,20.6,93
2024,10,8,8,21.6,87
2024,10,8,9,22.7,83
2024,10,8,10,23.2,80
2024,10,8,11,23.3,78
2024,10,8,12,23.2,80
2024,10,8,13,23.9,74
2024,10,8,14,23.7,68
2024,10,8,15,23.6,74
2024,10,8,16,23.2,73
2024,10,8,17,22.7,74
2024,10,8,18,22.2,72
2024,10,8,19,21,77
2024,10,8,20,20.1,84
2024,10,8,21,19,93
2024,10,8,22,18.6,95
2024,10,8,23,18.6,96
2024,10,9,0,18.2,95
2024,10,9,1,17.6,98
2024,10,9,2,17,97
2024,10,9,3,16.9,98
2024,10,9,4,16.6,97
2024,10,9,5,16.6,97
2024,10,9,6,16.4,97
2024,10,9,7,16.6,97
2024,10,9,8,17,94
2024,10,9,9,17.2,92
2024,10,9,10,17.6,94
2024,10,9,11,18.9,85
2024,10,9,12,20.5,73
2024,10,9,13,22.2,66
2024,10,9,14,23.2,61
2024,10,9,15,23.9,59
2024,10,9,16,24,61
2024,10,9,17,23.3,64
2024,10,9,18,22.4,61
2024,10,9,19,21.7,62
2024,10,9,20,20.9,64
2024,10,9,21,20.3,66
2024,10,9,22,20,68
2024,10,9,23,19.5,70
2024,10,10,0,19.1,73
2024,10,10,1,18.3,78
2024,10,10,2,17.9,76
2024,10,10,3,17.6,75
2024,10,10,4,17.5,75
2024,10,10,5,17.3,75
2024,10,10,6,16.8,75
2024,10,10,7,17.5,72
2024,10,10,8,18.2,67
2024,10,10,9,20.3,62
2024,10,10,10,21.3,55
2024,10,10,11,23,52
2024,10,10,12,24.1,48
2024,10,10,13,24.4,48
2024,10,10,14,26.3,46
2024,10,10,15,25.8,45
2024,10,10,16,24.2,49
2024,10,10,17,24.3,50
2024,10,10,18,22.8,53
2024,10,10,19,21.4,57
2024,10,10,20,20.7,60
2024,10,10,21,19.9,63
2024,10,10,22,19.6,63
2024,10,10,23,18.9,66
2024,10,11,0,18.6,66
2024,10,11,1,18.3,69
2024,10,11,2,17.6,79
2024,10,11,3,17.1,81
2024,10,11,4,16.6,83
2024,10,11,5,16.2,85
2024,10,11,6,16,86
2024,10,11,7,16.6,81
2024,10,11,8,17.3,79
2024,10,11,9,19.6,66
2024,10,11,10,21.4,58
2024,10,11,11,23.4,51
2024,10,11,12,24.7,48
2024,10,11,13,25.4,49
2024,10,11,14,26,46
2024,10,11,15,24.7,43
2024,10,11,16,24.2,46
2024,10,11,17,22.8,51
2024,10,11,18,21.7,54
2024,10,11,19,20.9,55
2024,10,11,20,20,60
2024,10,11,21,19.6,62
2024,10,11,22,18.7,66
2024,10,11,23,18.2,70
2024,10,12,0,17.5,73
2024,10,12,1,17.3,79
2024,10,12,2,16.8,80
2024,10,12,3,16.4,83
2024,10,12,4,16.4,84
2024,10,12,5,16.1,86
2024,10,12,6,15.9,87
2024,10,12,7,16.8,82
2024,10,12,8,18.6,72
2024,10,12,9,20.4,66
2024,10,12,10,22.8,59
2024,10,12,11,24.3,52
2024,10,12,12,25.6,51
2024,10,12,13,25.9,43
2024,10,12,14,27.2,40
2024,10,12,15,26.4,37
2024,10,12,16,26.1,37
2024,10,12,17,25.3,40
2024,10,12,18,24.2,48
2024,10,12,19,23.3,54
2024,10,12,20,21.8,64
2024,10,12,21,20.9,71
2024,10,12,22,19.8,77
2024,10,12,23,20.2,75
2024,10,13,0,19,81
2024,10,13,1,18.8,76
2024,10,13,2,18,82
2024,10,13,3,17.5,83
2024,10,13,4,17.2,80
2024,10,13,5,17,82
2024,10,13,6,16.8,83
2024,10,13,7,17.5,76
2024,10,13,8,19.3,66
2024,10,13,9,21.2,60
2024,10,13,10,23.1,53
2024,10,13,11,25.4,49
2024,10,13,12,26.1,43
2024,10,13,13,26.8,41
2024,10,13,14,28.3,39
2024,10,13,15,27.5,41
2024,10,13,16,26.3,40
2024,10,13,17,25.2,43
2024,10,13,18,24.2,52
2024,10,13,19,23.3,57
2024,10,13,20,22.4,63
2024,10,13,21,21.7,68
2024,10,13,22,21.3,71
2024,10,13,23,21.4,69
2024,10,14,0,20.3,75
2024,10,14,1,19.7,77
2024,10,14,2,19.2,80
2024,10,14,3,19.2,79
2024,10,14,4,18.1,81
2024,10,14,5,18.2,80
2024,10,14,6,17.4,84
2024,10,14,7,18.4,76
2024,10,14,8,19.8,68
2024,10,14,9,21.1,61
2024,10,14,10,24.4,54
2024,10,14,11,25.2,50
2024,10,14,12,26.7,49
2024,10,14,13,26.5,47
2024,10,14,14,26.4,50
2024,10,14,15,26,51
2024,10,14,16,25.2,48
2024,10,14,17,24.4,53
2024,10,14,18,23.9,56
2024,10,14,19,23.2,62
2024,10,14,20,21.9,69
2024,10,14,21,21.3,71
2024,10,14,22,20.5,73
2024,10,14,23,19.7,76
2024,10,15,0,19.5,73
2024,10,15,1,19.4,72
2024,10,15,2,19.2,72
2024,10,15,3,19.3,72
2024,10,15,4,19.6,70
2024,10,15,5,19.6,71
2024,10,15,6,19.6,70
2024,10,15,7,19.8,71
2024,10,15,8,20.4,69
2024,10,15,9,20.6,67
2024,10,15,10,21.8,64
2024,10,15,11,22.7,61
2024,10,15,12,23.2,60
2024,10,15,13,24.8,56
2024,10,15,14,24.7,57
2024,10,15,15,24,64
2024,10,15,16,23.1,66
2024,10,15,17,22.6,69
2024,10,15,18,22.4,68
2024,10,15,19,22.2,69
2024,10,15,20,22.2,70
2024,10,15,21,22.4,69
2024,10,15,22,20.4,88
2024,10,15,23,20.1,93
2024,10,16,0,20.3,90
2024,10,16,1,20.7,89
2024,10,16,2,20.5,91
2024,10,16,3,20.2,94
2024,10,16,4,20.3,93
2024,10,16,5,20.4,92
2024,10,16,6,20.4,90
2024,10,16,7,20.8,87
2024,10,16,8,21.2,83
2024,10,16,9,21.4,88
2024,10,16,10,22.5,79
2024,10,16,11,23.3,75
2024,10,16,12,24.5,70
2024,10,16,13,26.5,61
2024,10,16,14,26.8,61
2024,10,16,15,26.7,62
2024,10,16,16,26.1,64
2024,10,16,17,25.5,67
2024,10,16,18,25,69
2024,10,16,19,24.1,73
2024,10,16,20,23.7,77
2024,10,16,21,23,79
2024,10,16,22,22.5,81
2024,10,16,23,21.8,84
2024,10,17,0,21.5,88
2024,10,17,1,21,91
2024,10,17,2,20.8,92
2024,10,17,3,20.2,94
2024,10,17,4,20.2,92
2024,10,17,5,20,90
2024,10,17,6,19.9,87
2024,10,17,7,20.4,85
2024,10,17,8,22.2,75
2024,10,17,9,23.8,64
2024,10,17,10,25.3,59
2024,10,17,11,27,56
2024,10,17,12,28.2,51
2024,10,17,13,29.3,47
2024,10,17,14,29.8,47
2024,10,17,15,29.1,48
2024,10,17,16,27.7,58
2024,10,17,17,26.2,67
2024,10,17,18,25.2,72
2024,10,17,19,24.5,78
2024,10,17,20,24.2,81
2024,10,17,21,24.3,81
2024,10,17,22,24.2,83
2024,10,17,23,24,84
2024,10,18,0,23.6,86
2024,10,18,1,23.8,83
2024,10,18,2,23.4,85
2024,10,18,3,23.1,85
2024,10,18,4,22.8,84
2024,10,18,5,22.1,88
2024,10,18,6,22.5,88
2024,10,18,7,23,80
2024,10,18,8,23.5,78
2024,10,18,9,24,76
2024,10,18,10,25.2,74
2024,10,18,11,26.2,68
2024,10,18,12,26.1,65
2024,10,18,13,26.6,65
2024,10,18,14,26.8,65
2024,10,18,15,27.4,61
2024,10,18,16,26.8,64
2024,10,18,17,26.5,66
2024,10,18,18,26,69
2024,10,18,19,22.9,93
2024,10,18,20,23.1,93
2024,10,18,21,23.1,90
2024,10,18,22,23,91
2024,10,18,23,23.2,89
2024,10,19,0,23.2,88
2024,10,19,1,23.2,88
2024,10,19,2,23.2,88
2024,10,19,3,22.8,91
2024,10,19,4,22.7,91
2024,10,19,5,22.1,95
2024,10,19,6,22.4,94
2024,10,19,7,23,92
2024,10,19,8,23.7,88
2024,10,19,9,24.4,84
2024,10,19,10,26.2,78
2024,10,19,11,27.2,72
2024,10,19,12,26.5,74
2024,10,19,13,24.6,90
2024,10,19,14,24.8,91
2024,10,19,15,24.8,91
2024,10,19,16,24.6,91
2024,10,19,17,23.9,93
2024,10,19,18,22.9,92
2024,10,19,19,21.6,96
2024,10,19,20,21.8,96
2024,10,19,21,21.5,90
2024,10,19,22,21.4,79
2024,10,19,23,20.6,80
2024,10,20,0,19.4,79
2024,10,20,1,19.2,75
2024,10,20,2,18.5,75
2024,10,20,3,18.2,70
2024,10,20,4,17.7,70
2024,10,20,5,17.6,65
2024,10,20,6,17.4,66
2024,10,20,7,17.5,60
2024,10,20,8,17.5,50
2024,10,20,9,18.4,48
2024,10,20,10,19.7,45
2024,10,20,11,21,43
2024,10,20,12,20.9,44
2024,10,20,13,21.7,44
2024,10,20,14,21.8,40
2024,10,20,15,22.1,39
2024,10,20,16,21.5,45
2024,10,20,17,21.3,43
2024,10,20,18,19.4,59
2024,10,20,19,18.3,78
2024,10,20,20,17.7,79
2024,10,20,21,17.4,77
2024,10,20,22,16.8,78
2024,10,20,23,16.7,77
2024,10,21,0,16,74
2024,10,21,1,15.5,84
2024,10,21,2,15.5,76
2024,10,21,3,14.5,81
2024,10,21,4,14.5,83
2024,10,21,5,13.6,88
2024,10,21,6,13.8,86
2024,10,21,7,14.2,87
2024,10,21,8,15.8,75
2024,10,21,9,17.6,65
2024,10,21,10,18.6,54
2024,10,21,11,20.8,52
2024,10,21,12,21.9,41
2024,10,21,13,24,33
2024,10,21,14,23.9,30
2024,10,21,15,23.9,34
2024,10,21,16,22.9,38
2024,10,21,17,22,44
2024,10,21,18,21.1,48
2024,10,21,19,20,52
2024,10,21,20,18.9,56
2024,10,21,21,18.5,56
2024,10,21,22,18.4,53
2024,10,21,23,17.4,63
2024,10,22,0,16.5,69
2024,10,22,1,15.7,74
2024,10,22,2,14.9,76
2024,10,22,3,15,79
2024,10,22,4,14.5,80
2024,10,22,5,14.3,79
2024,10,22,6,14.2,80
2024,10,22,7,15.2,75
2024,10,22,8,16.7,67
2024,10,22,9,18.5,61
2024,10,22,10,21,51
2024,10,22,11,22.5,47
2024,10,22,12,24.2,46
2024,10,22,13,23.7,44
2024,10,22,14,24.1,47
2024,10,22,15,23.4,51
2024,10,22,16,22.7,52
2024,10,22,17,22.3,53
2024,10,22,18,22.2,54
2024,10,22,19,21.6,58
2024,10,22,20,21.5,59
2024,10,22,21,21.1,65
2024,10,22,22,21.3,70
2024,10,22,23,21.4,66
2024,10,23,0,20,78
2024,10,23,1,19.4,85
2024,10,23,2,19.5,87
2024,10,23,3,18.2,98
2024,10,23,4,18.5,99
2024,10,23,5,18.6,100
2024,10,23,6,19,100
2024,10,23,7,21,99
2024,10,23,8,21.8,97
2024,10,23,9,22.9,93
2024,10,23,10,24.6,88
2024,10,23,11,25,86
2024,10,23,12,24.6,95
2024,10,23,13,25,95
2024,10,23,14,25.3,91
2024,10,23,15,25.7,91
2024,10,23,16,25.4,90
2024,10,23,17,24.6,90
2024,10,23,18,24.4,93
2024,10,23,19,24.2,92
2024,10,23,20,23.3,96
2024,10,23,21,23.2,96
2024,10,23,22,22.4,85
2024,10,23,23,21.5,79
2024,10,24,0,20.7,73
2024,10,24,1,20.1,76
2024,10,24,2,19.7,76
2024,10,24,3,19.1,81
2024,10,24,4,19.1,80
2024,10,24,5,18.2,84
2024,10,24,6,17.7,82
2024,10,24,7,18.1,80
2024,10,24,8,19.5,76
2024,10,24,9,21.6,64
2024,10,24,10,21.5,63
2024,10,24,11,21.9,62
2024,10,24,12,22.9,59
2024,10,24,13,23.8,56
2024,10,24,14,23.6,54
2024,10,24,15,23.4,55
2024,10,24,16,23.3,57
2024,10,24,17,22.6,57
2024,10,24,18,22.2,61
2024,10,24,19,21.2,59
2024,10,24,20,20.5,67
2024,10,24,21,20.3,70
2024,10,24,22,20.2,70
2024,10,24,23,20.2,67
2024,10,25,0,19.7,71
2024,10,25,1,19.5,73
2024,10,25,2,19.1,76
2024,10,25,3,18.7,79
2024,10,25,4,18.7,78
2024,10,25,5,18.3,77
2024,10,25,6,17.7,79
2024,10,25,7,17.9,78
2024,10,25,8,18.5,73
2024,10,25,9,18.7,72
2024,10,25,10,21,65
2024,10,25,11,22.9,56
2024,10,25,12,23.9,51
2024,10,25,13,25.5,50
2024,10,25,14,25.2,54
2024,10,25,15,25.2,58
2024,10,25,16,24.8,59
2024,10,25,17,23.8,54
2024,10,25,18,22.8,55
2024,10,25,19,21.7,61
2024,10,25,20,21.2,65
2024,10,25,21,20.8,69
2024,10,25,22,19.7,76
2024,10,25,23,19.7,78
2024,10,26,0,19.8,77
2024,10,26,1,19.3,81
2024,10,26,2,19.4,81
2024,10,26,3,19.2,85
2024,10,26,4,18.7,88
2024,10,26,5,18.9,88
2024,10,26,6,18.8,89
2024,10,26,7,18.7,88
2024,10,26,8,19.4,86
2024,10,26,9,20,83
2024,10,26,10,20.7,79
2024,10,26,11,21.7,74
2024,10,26,12,22.3,70
2024,10,26,13,22.6,69
2024,10,26,14,22.6,72
2024,10,26,15,22.5,72
2024,10,26,16,22.6,69
2024,10,26,17,21.8,77
2024,10,26,18,20.6,84
2024,10,26,19,20.3,86
2024,10,26,20,19.7,89
2024,10,26,21,20,89
2024,10,26,22,19.8,90
2024,10,26,23,19.1,95
2024,10,27,0,18.9,92
2024,10,27,1,18.6,93
2024,10,27,2,17.8,94
2024,10,27,3,18,90
2024,10,27,4,18,82
2024,10,27,5,17.5,85
2024,10,27,6,17.5,86
2024,10,27,7,18,88
2024,10,27,8,18.7,78
2024,10,27,9,20,74
2024,10,27,10,21.5,76
2024,10,27,11,23.1,66
2024,10,27,12,23,70
2024,10,27,13,23.1,69
2024,10,27,14,23.3,70
2024,10,27,15,23.2,72
2024,10,27,16,23.1,72
2024,10,27,17,22.6,72
2024,10,27,18,22.4,72
2024,10,27,19,22,73
2024,10,27,20,21.7,76
2024,10,27,21,21.4,79
2024,10,27,22,20.9,84
2024,10,27,23,20.4,91
2024,10,28,0,20.4,92
2024,10,28,1,19.7,96
2024,10,28,2,19.5,99
2024,10,28,3,19.1,99
2024,10,28,4,19.3,99
2024,10,28,5,18.2,97
2024,10,28,6,17.5,96
2024,10,28,7,17.3,97
2024,10,28,8,18,92
2024,10,28,9,18.8,88
2024,10,28,10,19.3,82
2024,10,28,11,20.2,77
2024,10,28,12,22,63
2024,10,28,13,22.8,58
2024,10,28,14,23,56
2024,10,28,15,22.3,59
2024,10,28,16,21.6,61
2024,10,28,17,21.1,64
2024,10,28,18,20.5,66
2024,10,28,19,20.2,67
2024,10,28,20,19.9,66
2024,10,28,21,19.8,65
2024,10,28,22,19.4,65
2024,10,28,23,19.1,65
2024,10,29,0,18.8,69
2024,10,29,1,18.5,71
2024,10,29,2,18.1,73
2024,10,29,3,18,72
2024,10,29,4,17.9,71
2024,10,29,5,17.7,72
2024,10,29,6,17.5,73
2024,10,29,7,17.6,72
2024,10,29,8,17.3,76
2024,10,29,9,17.4,79
2024,10,29,10,17.8,76
2024,10,29,11,17.4,84
2024,10,29,12,17.3,87
2024,10,29,13,16.7,96
2024,10,29,14,16.3,98
2024,10,29,15,16.3,98
2024,10,29,16,16.1,98
2024,10,29,17,16.2,99
2024,10,29,18,16.1,100
2024,10,29,19,16.1,100
2024,10,29,20,16.3,100
2024,10,29,21,16.3,100
2024,10,29,22,16.4,100
2024,10,29,23,16.4,100
2024,10,30,0,16.6,100
2024,10,30,1,16.6,100
2024,10,30,2,16.6,100
2024,10,30,3,16.7,100
2024,10,30,4,16.8,100
2024,10,30,5,16.8,100
2024,10,30,6,16.8,100
2024,10,30,7,17,100
2024,10,30,8,17.9,95
2024,10,30,9,19.4,83
2024,10,30,10,21.1,64
2024,10,30,11,23.2,56
2024,10,30,12,21.4,58
2024,10,30,13,23.3,46
2024,10,30,14,22.9,44
2024,10,30,15,21.2,43
2024,10,30,16,20.6,43
2024,10,30,17,19.7,49
2024,10,30,18,19,50
2024,10,30,19,18.3,53
2024,10,30,20,17.9,54
2024,10,30,21,17.4,57
2024,10,30,22,16.1,63
2024,10,30,23,15.4,67
2024,10,31,0,15.2,68
2024,10,31,1,14.9,68
2024,10,31,2,14.4,69
2024,10,31,3,14.2,69
2024,10,31,4,14.3,67
2024,10,31,5,13.8,71
2024,10,31,6,13.6,70
2024,10,31,7,13.8,70
2024,10,31,8,15.5,62
2024,10,31,9,17.2,54
2024,10,31,10,19.2,50
2024,10,31,11,19.2,47
2024,10,31,12,20.1,45
2024,10,31,13,21.7,42
2024,10,31,14,22,45
2024,10,31,15,21.7,47
2024,10,31,16,21.5,53
2024,10,31,17,20.7,52
2024,10,31,18,20.1,61
2024,10,31,19,19.5,64
2024,10,31,20,19.5,66
2024,10,31,21,18.7,72
2024,10,31,22,19.1,75
2024,10,31,23,18.4,79
2024,11,1,0,18.2,81
2024,11,1,1,17.5,83
2024,11,1,2,16.9,85
2024,11,1,3,17.2,84
2024,11,1,4,17.6,83
2024,11,1,5,17.5,84
2024,11,1,6,17.7,82
2024,11,1,7,18,81
2024,11,1,8,18.6,74
2024,11,1,9,19.8,72
2024,11,1,10,21.3,65
2024,11,1,11,21.3,65
2024,11,1,12,21.5,65
2024,11,1,13,21.5,67
2024,11,1,14,20.8,73
2024,11,1,15,20.7,80
2024,11,1,16,20.5,81
2024,11,1,17,19.2,89
2024,11,1,18,19.1,95
2024,11,1,19,19.1,96
2024,11,1,20,18.8,97
2024,11,1,21,18.7,98
2024,11,1,22,18.5,99
2024,11,1,23,18.3,97
2024,11,2,0,18.3,99
2024,11,2,1,18,99
2024,11,2,2,17.5,99
2024,11,2,3,17.4,100
2024,11,2,4,17.4,99
2024,11,2,5,17.4,100
2024,11,2,6,17.4,100
2024,11,2,7,17.3,100
2024,11,2,8,17.3,100
2024,11,2,9,17.6,100
2024,11,2,10,18.1,100
2024,11,2,11,18.6,100
2024,11,2,12,18.9,99
2024,11,2,13,19.2,100
2024,11,2,14,19.9,100
2024,11,2,15,20.5,100
2024,11,2,16,19.4,100
2024,11,2,17,20,99
2024,11,2,18,19.8,93
2024,11,2,19,19.2,95
2024,11,2,20,18.9,90
2024,11,2,21,18.1,91
2024,11,2,22,18.4,88
2024,11,2,23,17.8,87
2024,11,3,0,17.5,87
2024,11,3,1,17.3,82
2024,11,3,2,17.2,81
2024,11,3,3,17,77
2024,11,3,4,16.8,75
2024,11,3,5,16.1,79
2024,11,3,6,15.4,80
2024,11,3,7,15.8,75
2024,11,3,8,16.9,68
2024,11,3,9,18.8,60
2024,11,3,10,20.8,41
2024,11,3,11,22.2,47
2024,11,3,12,23,44
2024,11,3,13,23.2,41
2024,11,3,14,22.9,42
2024,11,3,15,22.5,43
2024,11,3,16,22.1,44
2024,11,3,17,20.6,48
2024,11,3,18,19.9,52
2024,11,3,19,18.5,58
2024,11,3,20,17.4,65
2024,11,3,21,15.8,77
2024,11,3,22,15.5,80
2024,11,3,23,16.1,78
2024,11,4,0,15,83
2024,11,4,1,15.6,82
2024,11,4,2,15.4,82
2024,11,4,3,14.8,86
2024,11,4,4,14.8,85
2024,11,4,5,14.7,85
2024,11,4,6,14.7,84
2024,11,4,7,15.1,81
2024,11,4,8,16.4,78
2024,11,4,9,18,71
2024,11,4,10,20.4,65
2024,11,4,11,21.7,61
2024,11,4,12,22.2,61
2024,11,4,13,22.4,60
2024,11,4,14,24.1,54
2024,11,4,15,23.3,57
2024,11,4,16,22.8,58
2024,11,4,17,22.1,61
2024,11,4,18,21.5,63
2024,11,4,19,20.4,71
2024,11,4,20,19.6,75
2024,11,4,21,18.3,83
2024,11,4,22,18.2,84
2024,11,4,23,16.9,91
2024,11,5,0,16.6,91
2024,11,5,1,16.4,92
2024,11,5,2,15.8,94
2024,11,5,3,15.4,94
2024,11,5,4,15.6,95
2024,11,5,5,15.5,93
2024,11,5,6,15.1,95
2024,11,5,7,15.7,93
2024,11,5,8,16.7,87
2024,11,5,9,17.3,81
2024,11,5,10,19.8,59
2024,11,5,11,20.1,53
2024,11,5,12,20.9,52
2024,11,5,13,21.6,49
2024,11,5,14,21.2,50
2024,11,5,15,20.9,57
2024,11,5,16,21,56
2024,11,5,17,19.7,64
2024,11,5,18,18.9,66
2024,11,5,19,18.5,70
2024,11,5,20,18.3,75
2024,11,5,21,17.8,79
2024,11,5,22,18,79
2024,11,5,23,17.5,82
2024,11,6,0,16.9,86
2024,11,6,1,16.5,89
2024,11,6,2,16,91
2024,11,6,3,15.8,91
2024,11,6,4,15.9,91
2024,11,6,5,15.5,89
2024,11,6,6,14.7,96
2024,11,6,7,14.7,95
2024,11,6,8,16.4,86
2024,11,6,9,18.3,74
2024,11,6,10,19.4,60
2024,11,6,11,19.8,56
2024,11,6,12,21.2,46
2024,11,6,13,21.6,45
2024,11,6,14,21.5,43
2024,11,6,15,20.5,43
2024,11,6,16,19.2,45
2024,11,6,17,17.3,53
2024,11,6,18,16.2,56
2024,11,6,19,15.5,58
2024,11,6,20,15.6,53
2024,11,6,21,15.2,56
2024,11,6,22,15,55
2024,11,6,23,14.5,58
2024,11,7,0,13.7,69
2024,11,7,1,13.4,73
2024,11,7,2,13.2,71
2024,11,7,3,12.5,72
2024,11,7,4,12.1,74
2024,11,7,5,12.1,72
2024,11,7,6,12,66
2024,11,7,7,12.1,62
2024,11,7,8,13.1,51
2024,11,7,9,14,50
2024,11,7,10,14.7,44
2024,11,7,11,15.4,42
2024,11,7,12,15.8,39
2024,11,7,13,16.6,38
2024,11,7,14,16.5,37
2024,11,7,15,15.9,39
2024,11,7,16,14.7,42
2024,11,7,17,13.2,45
2024,11,7,18,12.3,48
2024,11,7,19,11.6,49
2024,11,7,20,11.1,50
2024,11,7,21,10.7,51
2024,11,7,22,10.4,52
2024,11,7,23,10,52
2024,11,8,0,9.7,52
2024,11,8,1,9.6,49
2024,11,8,2,9.2,49
2024,11,8,3,9,50
2024,11,8,4,8.6,51
2024,11,8,5,8.7,51
2024,11,8,6,8.6,53
2024,11,8,7,8.6,55
2024,11,8,8,9.3,53
2024,11,8,9,10.2,53
2024,11,8,10,11.9,50
2024,11,8,11,13,48
2024,11,8,12,14.7,45
2024,11,8,13,15.5,42
2024,11,8,14,16.4,40
2024,11,8,15,16.6,42
2024,11,8,16,16.6,43
2024,11,8,17,14.8,58
2024,11,8,18,13.4,64
2024,11,8,19,12.6,64
2024,11,8,20,11.9,71
2024,11,8,21,11.9,64
2024,11,8,22,10.9,73
2024,11,8,23,11.3,77
2024,11,9,0,10.5,84
2024,11,9,1,10.5,74
2024,11,9,2,10.3,72
2024,11,9,3,9.7,73
2024,11,9,4,8.8,76
2024,11,9,5,8.8,81
2024,11,9,6,8.4,83
2024,11,9,7,8.3,84
2024,11,9,8,10.4,72
2024,11,9,9,12.7,56
2024,11,9,10,14.9,50
2024,11,9,11,15.4,42
2024,11,9,12,17.7,39
2024,11,9,13,19.1,32
2024,11,9,14,18.8,27
2024,11,9,15,19.2,28
2024,11,9,16,18.7,29
2024,11,9,17,16.4,43
2024,11,9,18,14.4,48
2024,11,9,19,14.3,50
2024,11,9,20,13.2,60
2024,11,9,21,12.8,68
2024,11,9,22,12.6,69
2024,11,9,23,11.8,74
2024,11,10,0,11.9,73
2024,11,10,1,11.3,78
2024,11,10,2,11,79
2024,11,10,3,10.8,78
2024,11,10,4,10.1,82
2024,11,10,5,10.2,80
2024,11,10,6,10.5,79
2024,11,10,7,10.9,77
2024,11,10,8,11.4,75
2024,11,10,9,13.6,64
2024,11,10,10,15.5,59
2024,11,10,11,17.3,56
2024,11,10,12,17.8,53
2024,11,10,13,18.2,52
2024,11,10,14,19.5,54
2024,11,10,15,18.6,62
2024,11,10,16,18.7,57
2024,11,10,17,18.3,59
2024,11,10,18,18.1,61
2024,11,10,19,17.6,65
2024,11,10,20,17.9,65
2024,11,10,21,17.4,69
2024,11,10,22,17.8,69
2024,11,10,23,17.4,74
2024,11,11,0,17,77
2024,11,11,1,17,82
2024,11,11,2,17,84
2024,11,11,3,17.4,81
2024,11,11,4,16.9,83
2024,11,11,5,16.5,89
2024,11,11,6,16.6,89
2024,11,11,7,16.9,88
2024,11,11,8,17,88
2024,11,11,9,17.5,84
2024,11,11,10,20.4,68
2024,11,11,11,23,52
2024,11,11,12,24.1,43
2024,11,11,13,24.3,47
2024,11,11,14,24,46
2024,11,11,15,23.1,48
2024,11,11,16,21.7,51
2024,11,11,17,20.2,53
2024,11,11,18,19.2,55
2024,11,11,19,18.6,59
2024,11,11,20,17.7,63
2024,11,11,21,17,67
2024,11,11,22,16.4,70
2024,11,11,23,16.4,70
2024,11,12,0,16.3,71
2024,11,12,1,16.5,71
2024,11,12,2,16.2,71
2024,11,12,3,16.1,72
2024,11,12,4,15.9,71
2024,11,12,5,15.8,72
2024,11,12,6,15.5,74
2024,11,12,7,15.7,73
2024,11,12,8,16,72
2024,11,12,9,17.8,65
2024,11,12,10,19.1,62
2024,11,12,11,21.1,59
2024,11,12,12,21.4,62
2024,11,12,13,23.3,58
2024,11,12,14,23.7,57
2024,11,12,15,23.4,55
2024,11,12,16,22.4,54
2024,11,12,17,21.6,56
2024,11,12,18,20.4,65
2024,11,12,19,19.6,58
2024,11,12,20,18.6,54
2024,11,12,21,17.9,56
2024,11,12,22,17.4,56
2024,11,12,23,16.8,58
2024,11,13,0,16.3,60
2024,11,13,1,15.8,63
2024,11,13,2,15.7,64
2024,11,13,3,15.8,65
2024,11,13,4,15.1,68
2024,11,13,5,15.2,69
2024,11,13,6,15.3,71
2024,11,13,7,14.6,74
2024,11,13,8,16,69
2024,11,13,9,17.4,64
2024,11,13,10,19.4,53
2024,11,13,11,21.1,46
2024,11,13,12,21.9,41
2024,11,13,13,22.2,39
2024,11,13,14,22.2,37
2024,11,13,15,21.3,37
2024,11,13,16,21.1,39
2024,11,13,17,19.7,43
2024,11,13,18,18.5,49
2024,11,13,19,17.1,56
2024,11,13,20,16.4,62
2024,11,13,21,15.7,66
2024,11,13,22,15.1,69
2024,11,13,23,14.7,70
2024,11,14,0,14.5,72
2024,11,14,1,14.3,75
2024,11,14,2,14.3,74
2024,11,14,3,14.4,72
2024,11,14,4,14.5,71
2024,11,14,5,14.4,73
2024,11,14,6,14.5,73
2024,11,14,7,14.8,69
2024,11,14,8,15.2,72
2024,11,14,9,15.5,69
2024,11,14,10,16,67
2024,11,14,11,17.1,64
2024,11,14,12,17.4,60
2024,11,14,13,16.7,65
2024,11,14,14,16.7,63
2024,11,14,15,16.7,65
2024,11,14,16,16.7,67
2024,11,14,17,16.4,72
2024,11,14,18,16.4,73
2024,11,14,19,16.3,74
2024,11,14,20,15.8,76
2024,11,14,21,15.7,80
2024,11,14,22,15.2,88
2024,11,14,23,15.3,86
2024,11,15,0,14.6,96
2024,11,15,1,14.4,99
2024,11,15,2,14.4,99
2024,11,15,3,14.7,99
2024,11,15,4,14.9,99
2024,11,15,5,15,99
2024,11,15,6,14.8,99
2024,11,15,7,14.8,100
2024,11,15,8,15.1,100
2024,11,15,9,15.6,97
2024,11,15,10,16.9,90
2024,11,15,11,17.7,84
2024,11,15,12,18.8,80
2024,11,15,13,19.1,77
2024,11,15,14,19.5,74
2024,11,15,15,19.3,76
2024,11,15,16,18.5,84
2024,11,15,17,17.7,94
2024,11,15,18,17.5,97
2024,11,15,19,17.4,89
2024,11,15,20,17.7,88
2024,11,15,21,16.9,94
2024,11,15,22,16.5,97
2024,11,15,23,16.5,98
2024,11,16,0,16.3,98
2024,11,16,1,15.9,99
2024,11,16,2,15.7,100
2024,11,16,3,15.4,100
2024,11,16,4,15.4,100
2024,11,16,5,15.6,99
2024,11,16,6,15.8,99
2024,11,16,7,15.9,97
2024,11,16,8,16.4,92
2024,11,16,9,17,90
2024,11,16,10,17.7,81
2024,11,16,11,18,81
2024,11,16,12,19,81
2024,11,16,13,18.8,78
2024,11,16,14,18.7,78
2024,11,16,15,18.7,78
2024,11,16,16,18.2,81
2024,11,16,17,18.2,81
2024,11,16,18,18.2,80
2024,11,16,19,17.7,85
2024,11,16,20,17.6,86
2024,11,16,21,17.6,86
2024,11,16,22,17.5,87
2024,11,16,23,17.4,87
2024,11,17,0,17,89
2024,11,17,1,16.2,93
2024,11,17,2,15.7,95
2024,11,17,3,15.4,97
2024,11,17,4,15.6,95
2024,11,17,5,15,97
2024,11,17,6,15.1,98
2024,11,17,7,15,97
2024,11,17,8,16.4,89
2024,11,17,9,17.6,82
2024,11,17,10,19.5,77
2024,11,17,11,21.8,67
2024,11,17,12,22.3,64
2024,11,17,13,23.6,63
2024,11,17,14,22.7,62
2024,11,17,15,22.8,63
2024,11,17,16,22.2,67
2024,11,17,17,21.8,70
2024,11,17,18,21.5,72
2024,11,17,19,20.8,77
2024,11,17,20,20.1,82
2024,11,17,21,19.7,81
2024,11,17,22,18.7,81
2024,11,17,23,17.4,74
2024,11,18,0,16.6,74
2024,11,18,1,16.6,69
2024,11,18,2,16.3,67
2024,11,18,3,15.8,67
2024,11,18,4,15.4,66
2024,11,18,5,14.6,68
2024,11,18,6,15,60
2024,11,18,7,14.4,64
2024,11,18,8,14.8,57
2024,11,18,9,15.8,50
2024,11,18,10,16.8,46
2024,11,18,11,17.5,42
2024,11,18,12,19,34
2024,11,18,13,18.5,32
2024,11,18,14,17.5,33
2024,11,18,15,17.4,33
2024,11,18,16,15.6,35
2024,11,18,17,13.1,46
2024,11,18,18,12.1,49
2024,11,18,19,11.4,51
2024,11,18,20,11.2,51
2024,11,18,21,10.9,52
2024,11,18,22,10.5,53
2024,11,18,23,9.9,54
2024,11,19,0,9.3,56
2024,11,19,1,8.9,55
2024,11,19,2,8.6,50
2024,11,19,3,8,47
2024,11,19,4,7.8,43
2024,11,19,5,7.4,47
2024,11,19,6,7.4,45
2024,11,19,7,7.2,46
2024,11,19,8,8,46
2024,11,19,9,9.4,42
2024,11,19,10,10.6,41
2024,11,19,11,12.1,36
2024,11,19,12,12.9,34
2024,11,19,13,14.2,33
2024,11,19,14,14.5,34
2024,11,19,15,14,33
2024,11,19,16,13.8,34
2024,11,19,17,13,42
2024,11,19,18,11.7,45
2024,11,19,19,11.1,48
2024,11,19,20,10.8,49
2024,11,19,21,10.3,52
2024,11,19,22,10.4,54
2024,11,19,23,10.2,57
2024,11,20,0,10.1,58
2024,11,20,1,10.2,59
2024,11,20,2,10.2,59
2024,11,20,3,10.4,60
2024,11,20,4,10.3,63
2024,11,20,5,9.7,70
2024,11,20,6,9.4,83
2024,11,20,7,9.8,85
2024,11,20,8,10.3,82
2024,11,20,9,11.1,77
2024,11,20,10,12,75
2024,11,20,11,12.4,75
2024,11,20,12,12.5,72
2024,11,20,13,13.5,64
2024,11,20,14,14,65
2024,11,20,15,13.8,64
2024,11,20,16,13.9,66
2024,11,20,17,13.8,67
2024,11,20,18,13.6,69
2024,11,20,19,13.7,62
2024,11,20,20,13.6,60
2024,11,20,21,12.9,63
2024,11,20,22,12.1,70
2024,11,20,23,11.8,71
2024,11,21,0,11.6,72
2024,11,21,1,11,77
2024,11,21,2,10.8,75
2024,11,21,3,10,77
2024,11,21,4,9.6,75
2024,11,21,5,9.1,75
2024,11,21,6,8.7,78
2024,11,21,7,8.6,82
2024,11,21,8,10.1,71
2024,11,21,9,12,56
2024,11,21,10,13.9,48
2024,11,21,11,16.2,48
2024,11,21,12,18.2,50
2024,11,21,13,17.6,49
2024,11,21,14,18,44
2024,11,21,15,17.3,47
2024,11,21,16,15.6,57
2024,11,21,17,15,57
2024,11,21,18,14.3,59
2024,11,21,19,13.6,68
2024,11,21,20,13,70
2024,11,21,21,12.5,73
2024,11,21,22,11.7,81
2024,11,21,23,12.1,79
2024,11,22,0,12,80
2024,11,22,1,11.8,80
2024,11,22,2,11.3,82
2024,11,22,3,10.9,84
2024,11,22,4,10.7,83
2024,11,22,5,9.7,86
2024,11,22,6,8.9,89
2024,11,22,7,9.3,86
2024,11,22,8,10.5,79
2024,11,22,9,12.7,70
2024,11,22,10,13.6,64
2024,11,22,11,15.5,54
2024,11,22,12,15.2,54
2024,11,22,13,15.8,51
2024,11,22,14,16,51
2024,11,22,15,15.7,53
2024,11,22,16,14.9,59
2024,11,22,17,14.3,64
2024,11,22,18,13.6,65
2024,11,22,19,13,69
2024,11,22,20,12.4,72
2024,11,22,21,12.3,71
2024,11,22,22,11.5,75
2024,11,22,23,11.1,76
2024,11,23,0,11.2,63
2024,11,23,1,10.6,65
2024,11,23,2,10.2,66
2024,11,23,3,9.7,68
2024,11,23,4,9.5,64
2024,11,23,5,9.8,62
2024,11,23,6,9.8,61
2024,11,23,7,10.3,55
2024,11,23,8,10.9,49
2024,11,23,9,11.7,44
2024,11,23,10,12.7,41
2024,11,23,11,13.3,40
2024,11,23,12,14,42
2024,11,23,13,13.8,42
2024,11,23,14,14.1,39
2024,11,23,15,13.1,44
2024,11,23,16,12.4,46
2024,11,23,17,11.1,51
2024,11,23,18,10.7,55
2024,11,23,19,10.1,58
2024,11,23,20,9.9,59
2024,11,23,21,9.8,59
2024,11,23,22,9.3,63
2024,11,23,23,8.7,65
2024,11,24,0,8.1,68
2024,11,24,1,7.9,68
2024,11,24,2,7.5,70
2024,11,24,3,7.2,72
2024,11,24,4,6.9,73
2024,11,24,5,7.3,69
2024,11,24,6,6.5,73
2024,11,24,7,6.9,71
2024,11,24,8,7.8,67
2024,11,24,9,10.2,58
2024,11,24,10,11.4,51
2024,11,24,11,13.8,45
2024,11,24,12,14.5,39
2024,11,24,13,16,36
2024,11,24,14,16,41
2024,11,24,15,15.3,44
2024,11,24,16,14.4,46
2024,11,24,17,13.4,44
2024,11,24,18,12.2,50
2024,11,24,19,11.5,54
2024,11,24,20,10.8,58
2024,11,24,21,10,60
2024,11,24,22,9.4,64
2024,11,24,23,8.8,65
2024,11,25,0,8.7,59
2024,11,25,1,8.1,60
2024,11,25,2,7.4,66
2024,11,25,3,7.3,65
2024,11,25,4,7.3,63
2024,11,25,5,7.1,66
2024,11,25,6,7.6,62
2024,11,25,7,6.2,70
2024,11,25,8,8.3,61
2024,11,25,9,9.7,57
2024,11,25,10,11.9,47
2024,11,25,11,13.9,41
2024,11,25,12,14.3,37
2024,11,25,13,15.4,35
2024,11,25,14,15.3,32
2024,11,25,15,15.6,32
2024,11,25,16,14.4,33
2024,11,25,17,12.2,46
2024,11,25,18,11.4,51
2024,11,25,19,10.7,52
2024,11,25,20,11.7,51
2024,11,25,21,9.8,68
2024,11,25,22,10.4,66
2024,11,25,23,9.8,68
2024,11,26,0,10.3,66
2024,11,26,1,9.9,71
2024,11,26,2,8.7,75
2024,11,26,3,8.4,74
2024,11,26,4,8.4,73
2024,11,26,5,8.1,73
2024,11,26,6,7.8,75
2024,11,26,7,8.4,72
2024,11,26,8,9.7,67
2024,11,26,9,10.3,65
2024,11,26,10,11.1,62
2024,11,26,11,11.9,62
2024,11,26,12,15.6,61
2024,11,26,13,16.6,61
2024,11,26,14,16.8,62
2024,11,26,15,15.9,74
2024,11,26,16,15.6,80
2024,11,26,17,15.6,81
2024,11,26,18,15.7,85
2024,11,26,19,14.9,95
2024,11,26,20,13.9,100
2024,11,26,21,13.8,100
2024,11,26,22,15.2,100
2024,11,26,23,14.8,100
2024,11,27,0,14.3,100
2024,11,27,1,14.1,100
2024,11,27,2,13.6,96
2024,11,27,3,13.6,91
2024,11,27,4,12.6,92
2024,11,27,5,12,91
2024,11,27,6,12.1,89
2024,11,27,7,11.9,91
2024,11,27,8,13.5,76
2024,11,27,9,14,68
2024,11,27,10,15.1,62
2024,11,27,11,15.9,59
2024,11,27,12,15.7,58
2024,11,27,13,16.1,53
2024,11,27,14,17,46
2024,11,27,15,16.1,48
2024,11,27,16,15.5,46
2024,11,27,17,14.2,52
2024,11,27,18,12.8,61
2024,11,27,19,13.5,52
2024,11,27,20,13.4,56
2024,11,27,21,12.8,63
2024,11,27,22,13,61
2024,11,27,23,12.8,58
2024,11,28,0,12.3,60
2024,11,28,1,12.1,63
2024,11,28,2,12.1,58
2024,11,28,3,11.4,61
2024,11,28,4,11,56
2024,11,28,5,10.3,54
2024,11,28,6,10,54
2024,11,28,7,9.8,54
2024,11,28,8,10.4,52
2024,11,28,9,11,48
2024,11,28,10,12.5,43
2024,11,28,11,12.9,39
2024,11,28,12,14.3,36
2024,11,28,13,14.4,35
2024,11,28,14,14.6,31
2024,11,28,15,13.6,35
2024,11,28,16,13.4,35
2024,11,28,17,12.4,35
2024,11,28,18,11.5,38
2024,11,28,19,10.7,42
2024,11,28,20,10.3,45
2024,11,28,21,10,50
2024,11,28,22,8.2,65
2024,11,28,23,8,62
2024,11,29,0,7.5,66
2024,11,29,1,7,71
2024,11,29,2,6.9,73
2024,11,29,3,6.5,76
2024,11,29,4,8.2,72
2024,11,29,5,7.3,76
2024,11,29,6,7.6,78
2024,11,29,7,8,76
2024,11,29,8,10.1,60
2024,11,29,9,10.9,55
2024,11,29,10,11.5,56
2024,11,29,11,11.1,58
2024,11,29,12,10.9,57
2024,11,29,13,10.7,59
2024,11,29,14,10.5,60
2024,11,29,15,10,68
2024,11,29,16,9.9,63
2024,11,29,17,9.1,66
2024,11,29,18,8.7,66
2024,11,29,19,7.7,71
2024,11,29,20,7.3,74
2024,11,29,21,6.4,80
2024,11,29,22,6.2,84
2024,11,29,23,6.1,83
2024,11,30,0,5.6,84
2024,11,30,1,5.6,86
2024,11,30,2,5.9,79
2024,11,30,3,7.7,58
2024,11,30,4,7.8,59
2024,11,30,5,7.4,67
2024,11,30,6,7.5,69
2024,11,30,7,7.3,75
2024,11,30,8,7.5,74
2024,11,30,9,8.5,72
2024,11,30,10,8.8,69
2024,11,30,11,8.6,75
2024,11,30,12,9.6,71
2024,11,30,13,10.2,66
2024,11,30,14,11.1,64
2024,11,30,15,10.5,67
2024,11,30,16,10,69
2024,11,30,17,9.8,70
2024,11,30,18,9.4,74
2024,11,30,19,8.7,77
2024,11,30,20,9.3,75
2024,11,30,21,8.8,75
2024,11,30,22,9.3,72
2024,11,30,23,9.1,74
2024,12,1,0,9.1,74
2024,12,1,1,8.8,77
2024,12,1,2,8.1,82
2024,12,1,3,7.9,86
2024,12,1,4,8,86
2024,12,1,5,7.7,85
2024,12,1,6,6.7,89
2024,12,1,7,6.5,87
2024,12,1,8,7.2,84
2024,12,1,9,8.6,79
2024,12,1,10,11,66
2024,12,1,11,12.4,59
2024,12,1,12,14.3,54
2024,12,1,13,14.2,54
2024,12,1,14,15.4,53
2024,12,1,15,14.3,57
2024,12,1,16,14,56
2024,12,1,17,12.8,61
2024,12,1,18,11.8,65
2024,12,1,19,11.7,66
2024,12,1,20,10.4,73
2024,12,1,21,9.5,78
2024,12,1,22,8.5,86
2024,12,1,23,8.3,87
2024,12,2,0,8,88
2024,12,2,1,7.4,89
2024,12,2,2,7.6,87
2024,12,2,3,7,90
2024,12,2,4,6.7,92
2024,12,2,5,6.4,92
2024,12,2,6,6.3,94
2024,12,2,7,5.7,96
2024,12,2,8,7.5,87
2024,12,2,9,9.3,78
2024,12,2,10,12,65
2024,12,2,11,13.7,60
2024,12,2,12,14.3,54
2024,12,2,13,15,48
2024,12,2,14,16.2,46
2024,12,2,15,15.8,45
2024,12,2,16,15.6,47
2024,12,2,17,13.1,60
2024,12,2,18,11.8,69
2024,12,2,19,11.1,70
2024,12,2,20,11.3,69
2024,12,2,21,9.8,74
2024,12,2,22,9.3,79
2024,12,2,23,9.1,78
2024,12,3,0,8.2,82
2024,12,3,1,7.7,83
2024,12,3,2,7.3,85
2024,12,3,3,7.2,84
2024,12,3,4,7,86
2024,12,3,5,6.6,86
2024,12,3,6,6.4,88
2024,12,3,7,6.3,89
2024,12,3,8,7.7,82
2024,12,3,9,9.7,71
2024,12,3,10,12.1,69
2024,12,3,11,13.3,60
2024,12,3,12,15.8,54
2024,12,3,13,17.5,49
2024,12,3,14,18.1,47
2024,12,3,15,17.5,48
2024,12,3,16,16.9,50
2024,12,3,17,14.4,66
2024,12,3,18,13.3,71
2024,12,3,19,12.9,70
2024,12,3,20,12.7,70
2024,12,3,21,12,76
2024,12,3,22,11.5,79
2024,12,3,23,11.1,80
2024,12,4,0,11,82
2024,12,4,1,10.1,87
2024,12,4,2,9.6,88
2024,12,4,3,9.8,88
2024,12,4,4,9.9,87
2024,12,4,5,9.5,88
2024,12,4,6,9,91
2024,12,4,7,9.4,89
2024,12,4,8,10.4,83
2024,12,4,9,12.3,68
2024,12,4,10,14.2,49
2024,12,4,11,14.3,47
2024,12,4,12,15.2,45
2024,12,4,13,14.4,42
2024,12,4,14,13.5,44
2024,12,4,15,14,41
2024,12,4,16,12.7,45
2024,12,4,17,11.9,50
2024,12,4,18,11.3,55
2024,12,4,19,10.9,56
2024,12,4,20,10.2,59
2024,12,4,21,9.8,63
2024,12,4,22,8.8,68
2024,12,4,23,9.3,69
2024,12,5,0,9.3,72
2024,12,5,1,9.4,70
2024,12,5,2,7.9,80
2024,12,5,3,9,69
2024,12,5,4,7.5,80
2024,12,5,5,7.9,77
2024,12,5,6,8.1,75
2024,12,5,7,7.5,79
2024,12,5,8,8.8,69
2024,12,5,9,10,60
2024,12,5,10,10.3,59
2024,12,5,11,12.8,49
2024,12,5,12,13.6,46
2024,12,5,13,13.1,44
2024,12,5,14,12.9,44
2024,12,5,15,12.3,46
2024,12,5,16,12.3,46
2024,12,5,17,11.1,49
2024,12,5,18,10.4,52
2024,12,5,19,9.9,57
2024,12,5,20,9.6,59
2024,12,5,21,8.8,64
2024,12,5,22,8.7,63
2024,12,5,23,7.9,69
2024,12,6,0,7.6,73
2024,12,6,1,8.7,65
2024,12,6,2,8,70
2024,12,6,3,6.9,77
2024,12,6,4,6.9,77
2024,12,6,5,7.3,77
2024,12,6,6,7,75
2024,12,6,7,6.4,78
2024,12,6,8,7.6,75
2024,12,6,9,9.3,65
2024,12,6,10,12.1,51
2024,12,6,11,11.8,49
2024,12,6,12,13.6,46
2024,12,6,13,12.7,48
2024,12,6,14,11.6,53
2024,12,6,15,10.9,60
2024,12,6,16,10,64
2024,12,6,17,9.3,70
2024,12,6,18,9.1,72
2024,12,6,19,8.6,73
2024,12,6,20,8,77
2024,12,6,21,7.3,82
2024,12,6,22,7.7,79
2024,12,6,23,7.6,77
2024,12,7,0,9.1,60
2024,12,7,1,7.9,66
2024,12,7,2,7.3,74
2024,12,7,3,6.7,80
2024,12,7,4,7.2,78
2024,12,7,5,7.1,79
2024,12,7,6,6.7,80
2024,12,7,7,7,78
2024,12,7,8,7.5,77
2024,12,7,9,7.7,74
2024,12,7,10,7.9,75
2024,12,7,11,8.6,70
2024,12,7,12,8.6,69
2024,12,7,13,9.5,63
2024,12,7,14,9.3,62
2024,12,7,15,9.5,59
2024,12,7,16,9.1,68
2024,12,7,17,8.8,70
2024,12,7,18,8.2,72
2024,12,7,19,7.9,72
2024,12,7,20,8.8,57
2024,12,7,21,8.6,55
2024,12,7,22,8.7,47
2024,12,7,23,7.9,57
2024,12,8,0,7.3,66
2024,12,8,1,7.6,61
2024,12,8,2,7.5,55
2024,12,8,3,7.4,55
2024,12,8,4,7.9,49
2024,12,8,5,7.3,57
2024,12,8,6,7.4,56
2024,12,8,7,7.2,63
2024,12,8,8,6.9,68
2024,12,8,9,6.6,76
2024,12,8,10,7.8,68
2024,12,8,11,6.6,78
2024,12,8,12,7.3,72
2024,12,8,13,8.4,61
2024,12,8,14,7.6,68
2024,12,8,15,8.6,61
2024,12,8,16,8.5,57
2024,12,8,17,7.3,58
2024,12,8,18,6.9,58
2024,12,8,19,6.3,61
2024,12,8,20,5.8,64
2024,12,8,21,5.1,69
2024,12,8,22,5,69
2024,12,8,23,4.7,69
2024,12,9,0,4.2,72
2024,12,9,1,4.6,62
2024,12,9,2,3.6,68
2024,12,9,3,3.8,67
2024,12,9,4,3.1,73
2024,12,9,5,3.4,70
2024,12,9,6,3,73
2024,12,9,7,2.8,73
2024,12,9,8,3.6,72
2024,12,9,9,5.7,61
2024,12,9,10,7.9,55
2024,12,9,11,9.8,49
2024,12,9,12,10.7,46
2024,12,9,13,11.4,41
2024,12,9,14,11.6,40
2024,12,9,15,10.4,44
2024,12,9,16,9.9,43
2024,12,9,17,9,46
2024,12,9,18,8.1,53
2024,12,9,19,7.2,63
2024,12,9,20,6.6,68
2024,12,9,21,6.1,68
2024,12,9,22,5.4,69
2024,12,9,23,4.6,70
2024,12,10,0,4.4,71
2024,12,10,1,4,75
2024,12,10,2,3.8,75
2024,12,10,3,3,80
2024,12,10,4,2.4,84
2024,12,10,5,2.1,83
2024,12,10,6,2.2,80
2024,12,10,7,3.4,70
2024,12,10,8,4.2,67
2024,12,10,9,5.9,62
2024,12,10,10,8.3,56
2024,12,10,11,10.1,53
2024,12,10,12,12.1,49
2024,12,10,13,12.9,48
2024,12,10,14,12.3,52
2024,12,10,15,11.7,54
2024,12,10,16,11.1,57
2024,12,10,17,9.4,65
2024,12,10,18,9,65
2024,12,10,19,8.3,71
2024,12,10,20,7.7,76
2024,12,10,21,7.1,80
2024,12,10,22,6.6,83
2024,12,10,23,5.7,85
2024,12,11,0,5.4,85
